Usuário,Filme,Avaliação
Carlos Silva,"Fourth Wing (The Empyrean, 1)",4.1
Carlos Silva,Unwoke: How to Defeat Cultural Marxism in America,2.3
Carlos Silva,The Ballad of Songbirds and Snakes (A Hunger Games Novel) (The Hunger Games),4.6
Carlos Silva,Night (Night),4.5
Carlos Silva,Turkey Trouble,3.9
Carlos Silva,"A Court of Thorns and Roses (A Court of Thorns and Roses, 1)",3.5
Carlos Silva,"Brown Bear, Brown Bear, What Do You See?",3.8
Carlos Silva,Pookie's Thanksgiving (Little Pookie),3.9
Carlos Silva,Hundred Years' War on Palestine,4.9
Carlos Silva,Goodnight Moon,1.2
Carlos Silva,A Court of Thorns and Roses Paperback Box Set (5 books),1.9
Carlos Silva,Resurrection Walk (Lincoln Lawyer),3.1
Carlos Silva,Tom Lake: A Reese's Book Club Pick,1.5
Carlos Silva,My First Library : Boxset of 10 Board Books for Kids (My First Book of),4.1
Carlos Silva,Just Because,4.6
Carlos Silva,The Ballad of Songbirds and Snakes (A Hunger Games Novel) (The Hunger Games),2.2
Ana Souza,"Iron Flame (The Empyrean, 2)",1.6
Ana Souza,The Woman in Me,1.9
Ana Souza,My Name Is Barbra,2.7
Ana Souza,"Friends, Lovers, and the Big Terrible Thing: A Memoir",3.0
Ana Souza,How to Catch a Turkey,1.6
Ana Souza,"Fourth Wing (The Empyrean, 1)",1.5
Ana Souza,Unwoke: How to Defeat Cultural Marxism in America,2.1
Ana Souza,No Brainer (Diary of a Wimpy Kid Book 18),4.3
Ana Souza,All the Light We Cannot See: A Novel,4.5
Ana Souza,The Ballad of Songbirds and Snakes (A Hunger Games Novel) (The Hunger Games),1.6
Ana Souza,Night (Night),4.4
Ana Souza,Atomic Habits: An Easy & Proven Way to Build Good Habits & Break Bad Ones,4.4
Ana Souza,The 48 Laws of Power,2.2
Ana Souza,The Great Disappearance: 31 Ways to be Rapture Ready,3.7
Ana Souza,Lessons in Chemistry: A Novel,4.7
Ana Souza,The Exchange: After The Firm (The Firm Series),3.4
Ana Souza,Taylor Swift: A Little Golden Book Biography,1.3
Ana Souza,Don't Let the Pigeon Drive the Sleigh!,2.8
Ana Souza,Turkey Trouble,4.4
Ana Souza,A Little Life,3.1
Ana Souza,"House of Flame and Shadow (Crescent City, 3)",1.2
Ana Souza,The Leaf Thief: (The Perfect Fall Book for Children and Toddlers),1.3
Ana Souza,Murtagh: The World of Eragon (The Inheritance Cycle),3.3
Ana Souza,"Brown Bear, Brown Bear, What Do You See?",2.7
Ana Souza,Balloons over Broadway: The True Story of the Puppeteer of Macy's Parade (Bank Street College of Education Flora Stieglitz St,1.1
Ana Souza,The Four Agreements: A Practical Guide to Personal Freedom (A Toltec Wisdom Book),2.1
Ana Souza,How to Know a Person: The Art of Seeing Others Deeply and Being Deeply Seen,4.4
Ana Souza,The Very Hungry Caterpillar,1.5
Ana Souza,The Seven Husbands of Evelyn Hugo: A Novel,4.2
Ana Souza,I Love You to the Moon and Back,3.0
Ana Souza,Outlive: The Science and Art of Longevity,1.6
Ana Souza,Hundred Years' War on Palestine,4.9
Ana Souza,Little Blue Truck's Christmas: A Christmas Holiday Book for Kids,4.0
Ana Souza,I Am Thankful: A Thanksgiving Book for Kids,4.2
Ana Souza,A Court of Thorns and Roses Paperback Box Set (5 books),3.2
Ana Souza,Where's Bluey?: A Search-and-Find Book,4.9
Ana Souza,The Wonderful Things You Will Be,3.6
Ana Souza,Hidden Potential: The Science of Achieving Greater Things,2.1
Ana Souza,Resurrection Walk (Lincoln Lawyer),2.4
Ana Souza,The Christmas Fix,1.9
Ana Souza,I Love You Like No Otter: A Funny and Sweet Animal Board Book for Babies and Toddlers this Christmas (Punderland),2.8
Ana Souza,Chicka Chicka Boom Boom (Board Book),2.8
Ana Souza,"From Crook to Cook: Platinum Recipes from Tha Boss Dogg's Kitchen (Snoop Dogg Cookbook, Celebrity Cookbook with Soul Food Rec",1.3
Ana Souza,"Interesting Facts For Curious Minds: 1572 Random But Mind-Blowing Facts About History, Science, Pop Culture And Everything In",3.9
Ana Souza,There Was an Old Lady Who Swallowed a Turkey!,3.6
Ana Souza,The Complete Cookbook for Young Chefs: 100+ Recipes that You'll Love to Cook and Eat,3.1
Ana Souza,Tom Lake: A Reese's Book Club Pick,1.7
Ana Souza,The Covenant of Water (Oprah's Book Club),4.0
Ana Souza,How to Catch an Elf,4.3
Ana Souza,"School Zone - Multiplication 0-12 Flash Cards - Ages 8+, 3rd Grade, 4th Grade, Elementary Math, Multiplication Facts, Common ",1.2
Ana Souza,"Hello, Baby Animals: A Durable High-Contrast Black-and-White Board Book for Newborns and Babies (High-Contrast Books)",4.8
Ana Souza,Verity,4.5
Ana Souza,"A Court of Mist and Fury (A Court of Thorns and Roses, 2)",4.2
Ana Souza,The Creative Act: A Way of Being,4.6
Ana Souza,My First Library : Boxset of 10 Board Books for Kids (My First Book of),1.8
Ana Souza,"Forever Strong: A New, Science-Based Strategy for Aging Well",3.2
Ana Souza,Where's Spot?,1.8
Ana Souza,Demon Copperhead: A Pulitzer Prize Winner,4.2
Ana Souza,Israel: A Simple Guide to the Most Misunderstood Country on Earth,2.7
Ana Souza,Remarkably Bright Creatures: A Read with Jenna Pick,3.9
Ana Souza,Just Because,2.3
Ana Souza,Things We Never Got Over (Knockemout),3.7
Ana Souza,Five Silly Turkeys,1.4
Ana Souza,Paint by Sticker Kids: Christmas: Create 10 Pictures One Sticker at a Time! Includes Glitter Stickers,2.8
Ana Souza,Love Comes First,2.6
Ana Souza,The Ballad of Songbirds and Snakes (A Hunger Games Novel) (The Hunger Games),3.2
Ana Souza,"A Court of Wings and Ruin (A Court of Thorns and Roses, 3)",2.0
Ana Souza,The Shadow Work Journal 2nd Edition: a Guide to Integrate and Transcend Your Shadows: The Essential Guidebook for Shadow Work,2.6
Ana Souza,The Coworker,4.9
Ana Souza,Percy Jackson and the Olympians: The Chalice of the Gods (Percy Jackson & the Olympians),4.9
Ana Souza,Paw Patrol Phonics: 12 Books in 1,2.0
Ana Souza,First Little Readers Parent Pack: Guided Reading Level A: 25 Irresistible Books That Are Just the Right Level for Beginning R,2.8
Ana Souza,"The Wager: A Tale of Shipwreck, Mutiny and Murder",1.1
Ana Souza,"I'm Dead, Now What?: Important Information About My Belongings, Business Affairs, and Wishes",3.0
Ana Souza,The Wonky Donkey,1.2
Rafael Oliveira,"Iron Flame (The Empyrean, 2)",2.8
Rafael Oliveira,The Woman in Me,2.2
Rafael Oliveira,My Name Is Barbra,2.9
Rafael Oliveira,"Friends, Lovers, and the Big Terrible Thing: A Memoir",3.5
Rafael Oliveira,How to Catch a Turkey,4.0
Rafael Oliveira,"Fourth Wing (The Empyrean, 1)",2.1
Rafael Oliveira,Unwoke: How to Defeat Cultural Marxism in America,3.3
Rafael Oliveira,No Brainer (Diary of a Wimpy Kid Book 18),2.1
Rafael Oliveira,Killers of the Flower Moon: The Osage Murders and the Birth of the FBI,1.1
Rafael Oliveira,The Ballad of Songbirds and Snakes (A Hunger Games Novel) (The Hunger Games),3.8
Rafael Oliveira,Stocking Stuffer Mad Libs: World's Greatest Word Game,4.8
Rafael Oliveira,The Great Disappearance: 31 Ways to be Rapture Ready,4.7
Rafael Oliveira,Don't Let the Pigeon Drive the Sleigh!,3.4
Rafael Oliveira,"The Body Keeps the Score: Brain, Mind, and Body in the Healing of Trauma",2.6
Rafael Oliveira,"A Court of Thorns and Roses (A Court of Thorns and Roses, 1)",2.4
Rafael Oliveira,A Little Life,4.7
Rafael Oliveira,"World of Eric Carle, Around the Farm 30-Button Animal Sound Book - Great for First Words - PI Kids",1.8
Rafael Oliveira,Murtagh: The World of Eragon (The Inheritance Cycle),1.9
Rafael Oliveira,"Brown Bear, Brown Bear, What Do You See?",1.3
Rafael Oliveira,Balloons over Broadway: The True Story of the Puppeteer of Macy's Parade (Bank Street College of Education Flora Stieglitz St,4.2
Rafael Oliveira,The Housemaid,3.4
Rafael Oliveira,How to Know a Person: The Art of Seeing Others Deeply and Being Deeply Seen,3.0
Rafael Oliveira,How to Catch a Reindeer,1.8
Rafael Oliveira,Pookie's Thanksgiving (Little Pookie),1.8
Rafael Oliveira,The Seven Husbands of Evelyn Hugo: A Novel,2.6
Rafael Oliveira,I Love You to the Moon and Back,1.1
Rafael Oliveira,Hundred Years' War on Palestine,3.9
Rafael Oliveira,Little Blue Truck's Christmas: A Christmas Holiday Book for Kids,3.4
Rafael Oliveira,"How to Be the Love You Seek: Break Cycles, Find Peace, and Heal Your Relationships",2.4
Rafael Oliveira,A Court of Thorns and Roses Paperback Box Set (5 books),4.1
Rafael Oliveira,Hidden Potential: The Science of Achieving Greater Things,1.5
Rafael Oliveira,The Christmas Fix,2.8
Rafael Oliveira,I Love You Like No Otter: A Funny and Sweet Animal Board Book for Babies and Toddlers this Christmas (Punderland),4.4
Rafael Oliveira,Chicka Chicka Boom Boom (Board Book),4.4
Rafael Oliveira,"From Crook to Cook: Platinum Recipes from Tha Boss Dogg's Kitchen (Snoop Dogg Cookbook, Celebrity Cookbook with Soul Food Rec",2.2
Rafael Oliveira,The Complete Cookbook for Young Chefs: 100+ Recipes that You'll Love to Cook and Eat,3.7
Rafael Oliveira,Tom Lake: A Reese's Book Club Pick,4.4
Rafael Oliveira,The Covenant of Water (Oprah's Book Club),1.8
Rafael Oliveira,"School Zone - Multiplication 0-12 Flash Cards - Ages 8+, 3rd Grade, 4th Grade, Elementary Math, Multiplication Facts, Common ",1.5
Rafael Oliveira,"Hello, Baby Animals: A Durable High-Contrast Black-and-White Board Book for Newborns and Babies (High-Contrast Books)",3.5
Rafael Oliveira,Verity,1.3
Rafael Oliveira,"A Court of Mist and Fury (A Court of Thorns and Roses, 2)",1.6
Rafael Oliveira,The Creative Act: A Way of Being,1.3
Rafael Oliveira,My First Library : Boxset of 10 Board Books for Kids (My First Book of),2.1
Rafael Oliveira,"Forever Strong: A New, Science-Based Strategy for Aging Well",4.1
Rafael Oliveira,Demon Copperhead: A Pulitzer Prize Winner,4.0
Rafael Oliveira,Harry Potter Paperback Box Set (Books 1-7),2.2
Rafael Oliveira,If Animals Kissed Good Night,3.5
Rafael Oliveira,Things We Never Got Over (Knockemout),3.4
Rafael Oliveira,Five Silly Turkeys,4.7
Rafael Oliveira,Paint by Sticker Kids: Christmas: Create 10 Pictures One Sticker at a Time! Includes Glitter Stickers,1.4
Rafael Oliveira,The Ballad of Songbirds and Snakes (A Hunger Games Novel) (The Hunger Games),3.1
Rafael Oliveira,"A Court of Wings and Ruin (A Court of Thorns and Roses, 3)",3.0
Rafael Oliveira,The Shadow Work Journal 2nd Edition: a Guide to Integrate and Transcend Your Shadows: The Essential Guidebook for Shadow Work,4.1
Rafael Oliveira,"Moo, Baa, La La La!",4.2
Rafael Oliveira,Rich Dad Poor Dad: What the Rich Teach Their Kids About Money That the Poor and Middle Class Do Not!,3.1
Rafael Oliveira,Percy Jackson and the Olympians: The Chalice of the Gods (Percy Jackson & the Olympians),4.7
Rafael Oliveira,Paw Patrol Phonics: 12 Books in 1,1.9
Rafael Oliveira,Hatchet,1.1
Rafael Oliveira,"I'm Dead, Now What?: Important Information About My Belongings, Business Affairs, and Wishes",3.2
Mariana Santos,The Woman in Me,2.0
Mariana Santos,"Fourth Wing (The Empyrean, 1)",3.0
Mariana Santos,Unwoke: How to Defeat Cultural Marxism in America,2.0
Mariana Santos,Killers of the Flower Moon: The Osage Murders and the Birth of the FBI,1.1
Mariana Santos,Night (Night),1.6
Mariana Santos,The 48 Laws of Power,4.6
Mariana Santos,The Great Disappearance: 31 Ways to be Rapture Ready,1.4
Mariana Santos,The Exchange: After The Firm (The Firm Series),1.2
Mariana Santos,Don't Let the Pigeon Drive the Sleigh!,1.9
Mariana Santos,"A Court of Thorns and Roses (A Court of Thorns and Roses, 1)",2.0
Mariana Santos,"House of Flame and Shadow (Crescent City, 3)",3.9
Mariana Santos,"World of Eric Carle, Around the Farm 30-Button Animal Sound Book - Great for First Words - PI Kids",1.4
Mariana Santos,"Goodnight, Goodnight Construction Site (Board Book for Toddlers, Children's Board Book)",1.8
Mariana Santos,Murtagh: The World of Eragon (The Inheritance Cycle),3.9
Mariana Santos,Balloons over Broadway: The True Story of the Puppeteer of Macy's Parade (Bank Street College of Education Flora Stieglitz St,4.9
Mariana Santos,The Housemaid,1.7
Mariana Santos,How to Know a Person: The Art of Seeing Others Deeply and Being Deeply Seen,1.1
Mariana Santos,"The Psychology of Money: Timeless lessons on wealth, greed, and happiness",1.2
Mariana Santos,The Seven Husbands of Evelyn Hugo: A Novel,1.3
Mariana Santos,Outlive: The Science and Art of Longevity,4.7
Mariana Santos,I Am Thankful: A Thanksgiving Book for Kids,1.9
Mariana Santos,Where's Bluey?: A Search-and-Find Book,2.2
Mariana Santos,How to Catch a Dinosaur,4.4
Mariana Santos,The Christmas Fix,2.3
Mariana Santos,Flash Cards: Sight Words,3.1
Mariana Santos,Elon Musk,2.3
Mariana Santos,"Hello, Baby Animals: A Durable High-Contrast Black-and-White Board Book for Newborns and Babies (High-Contrast Books)",2.2
Mariana Santos,"A Court of Mist and Fury (A Court of Thorns and Roses, 2)",4.9
Mariana Santos,The Creative Act: A Way of Being,3.4
Mariana Santos,Where's Spot?,3.3
Mariana Santos,Israel: A Simple Guide to the Most Misunderstood Country on Earth,4.3
Mariana Santos,Five Silly Turkeys,1.2
Mariana Santos,"Harry Potter and the Prisoner of Azkaban (Harry Potter, Book 3) (MinaLima Edition)",4.9
Mariana Santos,"Moo, Baa, La La La!",4.9
Mariana Santos,The Coworker,2.3
Mariana Santos,Rich Dad Poor Dad: What the Rich Teach Their Kids About Money That the Poor and Middle Class Do Not!,4.2
Mariana Santos,First Little Readers Parent Pack: Guided Reading Level A: 25 Irresistible Books That Are Just the Right Level for Beginning R,2.8
Mariana Santos,Hatchet,4.3
Mariana Santos,"The Wager: A Tale of Shipwreck, Mutiny and Murder",2.2
Mariana Santos,"I'm Dead, Now What?: Important Information About My Belongings, Business Affairs, and Wishes",3.7
Pedro Rodrigues,"Iron Flame (The Empyrean, 2)",3.0
Pedro Rodrigues,The Woman in Me,2.5
Pedro Rodrigues,My Name Is Barbra,1.9
Pedro Rodrigues,"Friends, Lovers, and the Big Terrible Thing: A Memoir",2.6
Pedro Rodrigues,How to Catch a Turkey,4.0
Pedro Rodrigues,"Fourth Wing (The Empyrean, 1)",4.6
Pedro Rodrigues,Unwoke: How to Defeat Cultural Marxism in America,4.6
Pedro Rodrigues,No Brainer (Diary of a Wimpy Kid Book 18),1.1
Pedro Rodrigues,Killers of the Flower Moon: The Osage Murders and the Birth of the FBI,3.1
Pedro Rodrigues,All the Light We Cannot See: A Novel,2.4
Pedro Rodrigues,The Ballad of Songbirds and Snakes (A Hunger Games Novel) (The Hunger Games),1.4
Pedro Rodrigues,Night (Night),3.9
Pedro Rodrigues,Atomic Habits: An Easy & Proven Way to Build Good Habits & Break Bad Ones,3.2
Pedro Rodrigues,Stocking Stuffer Mad Libs: World's Greatest Word Game,4.8
Pedro Rodrigues,The 48 Laws of Power,3.1
Pedro Rodrigues,The Great Disappearance: 31 Ways to be Rapture Ready,2.4
Pedro Rodrigues,Lessons in Chemistry: A Novel,3.0
Pedro Rodrigues,The Exchange: After The Firm (The Firm Series),2.5
Pedro Rodrigues,Taylor Swift: A Little Golden Book Biography,3.5
Pedro Rodrigues,Don't Let the Pigeon Drive the Sleigh!,4.3
Pedro Rodrigues,Turkey Trouble,3.5
Pedro Rodrigues,"The Body Keeps the Score: Brain, Mind, and Body in the Healing of Trauma",1.8
Pedro Rodrigues,"A Court of Thorns and Roses (A Court of Thorns and Roses, 1)",2.1
Pedro Rodrigues,A Little Life,1.1
Pedro Rodrigues,"House of Flame and Shadow (Crescent City, 3)",4.7
Pedro Rodrigues,"World of Eric Carle, Around the Farm 30-Button Animal Sound Book - Great for First Words - PI Kids",3.6
Pedro Rodrigues,"Goodnight, Goodnight Construction Site (Board Book for Toddlers, Children's Board Book)",4.9
Pedro Rodrigues,The Leaf Thief: (The Perfect Fall Book for Children and Toddlers),1.9
Pedro Rodrigues,Murtagh: The World of Eragon (The Inheritance Cycle),4.4
Pedro Rodrigues,"Brown Bear, Brown Bear, What Do You See?",1.2
Pedro Rodrigues,Balloons over Broadway: The True Story of the Puppeteer of Macy's Parade (Bank Street College of Education Flora Stieglitz St,2.8
Pedro Rodrigues,The Four Agreements: A Practical Guide to Personal Freedom (A Toltec Wisdom Book),4.2
Pedro Rodrigues,The Housemaid,2.3
Pedro Rodrigues,How to Know a Person: The Art of Seeing Others Deeply and Being Deeply Seen,3.7
Pedro Rodrigues,The Very Hungry Caterpillar,4.2
Pedro Rodrigues,How to Catch a Reindeer,1.6
Pedro Rodrigues,Pookie's Thanksgiving (Little Pookie),3.4
Pedro Rodrigues,"The Psychology of Money: Timeless lessons on wealth, greed, and happiness",2.1
Pedro Rodrigues,The Seven Husbands of Evelyn Hugo: A Novel,4.9
Pedro Rodrigues,I Love You to the Moon and Back,3.6
Pedro Rodrigues,Outlive: The Science and Art of Longevity,5.0
Pedro Rodrigues,Hundred Years' War on Palestine,2.1
Pedro Rodrigues,Little Blue Truck's Christmas: A Christmas Holiday Book for Kids,4.2
Pedro Rodrigues,Goodnight Moon,3.4
Pedro Rodrigues,I Am Thankful: A Thanksgiving Book for Kids,4.2
Pedro Rodrigues,"How to Be the Love You Seek: Break Cycles, Find Peace, and Heal Your Relationships",2.8
Pedro Rodrigues,A Court of Thorns and Roses Paperback Box Set (5 books),2.9
Pedro Rodrigues,Where's Bluey?: A Search-and-Find Book,3.4
Pedro Rodrigues,The Wonderful Things You Will Be,4.4
Pedro Rodrigues,How to Catch a Dinosaur,2.4
Pedro Rodrigues,Hidden Potential: The Science of Achieving Greater Things,3.5
Pedro Rodrigues,Resurrection Walk (Lincoln Lawyer),4.0
Pedro Rodrigues,The Christmas Fix,4.9
Pedro Rodrigues,Flash Cards: Sight Words,1.0
Pedro Rodrigues,I Love You Like No Otter: A Funny and Sweet Animal Board Book for Babies and Toddlers this Christmas (Punderland),4.4
Pedro Rodrigues,Chicka Chicka Boom Boom (Board Book),3.1
Pedro Rodrigues,"From Crook to Cook: Platinum Recipes from Tha Boss Dogg's Kitchen (Snoop Dogg Cookbook, Celebrity Cookbook with Soul Food Rec",4.8
Pedro Rodrigues,The Shadow Work Journal: A Guide to Integrate and Transcend your Shadows,2.6
Pedro Rodrigues,"Interesting Facts For Curious Minds: 1572 Random But Mind-Blowing Facts About History, Science, Pop Culture And Everything In",3.7
Pedro Rodrigues,There Was an Old Lady Who Swallowed a Turkey!,2.7
Pedro Rodrigues,Elon Musk,2.3
Pedro Rodrigues,The Complete Cookbook for Young Chefs: 100+ Recipes that You'll Love to Cook and Eat,2.9
Pedro Rodrigues,Llama Llama Gives Thanks,1.7
Pedro Rodrigues,Tom Lake: A Reese's Book Club Pick,1.6
Pedro Rodrigues,Dirty Thirty (30) (Stephanie Plum),3.2
Pedro Rodrigues,How to Catch an Elf,3.2
Pedro Rodrigues,"School Zone - Multiplication 0-12 Flash Cards - Ages 8+, 3rd Grade, 4th Grade, Elementary Math, Multiplication Facts, Common ",1.9
Pedro Rodrigues,"Hello, Baby Animals: A Durable High-Contrast Black-and-White Board Book for Newborns and Babies (High-Contrast Books)",3.9
Pedro Rodrigues,Haunting Adeline (Cat and Mouse Duet),2.8
Pedro Rodrigues,Verity,1.8
Pedro Rodrigues,"A Court of Mist and Fury (A Court of Thorns and Roses, 2)",4.2
Pedro Rodrigues,The Creative Act: A Way of Being,4.2
Pedro Rodrigues,My First Library : Boxset of 10 Board Books for Kids (My First Book of),1.6
Pedro Rodrigues,"Forever Strong: A New, Science-Based Strategy for Aging Well",2.1
Pedro Rodrigues,Where's Spot?,4.2
Pedro Rodrigues,Demon Copperhead: A Pulitzer Prize Winner,4.7
Pedro Rodrigues,Israel: A Simple Guide to the Most Misunderstood Country on Earth,2.3
Pedro Rodrigues,Remarkably Bright Creatures: A Read with Jenna Pick,4.8
Pedro Rodrigues,Harry Potter Paperback Box Set (Books 1-7),2.8
Pedro Rodrigues,Just Because,2.5
Pedro Rodrigues,Things We Never Got Over (Knockemout),4.9
Pedro Rodrigues,Five Silly Turkeys,1.6
Pedro Rodrigues,Paint by Sticker Kids: Christmas: Create 10 Pictures One Sticker at a Time! Includes Glitter Stickers,4.7
Pedro Rodrigues,Love Comes First,1.6
Pedro Rodrigues,The Ballad of Songbirds and Snakes (A Hunger Games Novel) (The Hunger Games),1.6
Pedro Rodrigues,"A Court of Wings and Ruin (A Court of Thorns and Roses, 3)",3.3
Pedro Rodrigues,The Shadow Work Journal 2nd Edition: a Guide to Integrate and Transcend Your Shadows: The Essential Guidebook for Shadow Work,4.2
Pedro Rodrigues,"Harry Potter and the Prisoner of Azkaban (Harry Potter, Book 3) (MinaLima Edition)",1.5
Pedro Rodrigues,"Moo, Baa, La La La!",3.0
Pedro Rodrigues,The Coworker,4.1
Pedro Rodrigues,Rich Dad Poor Dad: What the Rich Teach Their Kids About Money That the Poor and Middle Class Do Not!,3.5
Pedro Rodrigues,Percy Jackson and the Olympians: The Chalice of the Gods (Percy Jackson & the Olympians),1.0
Pedro Rodrigues,Paw Patrol Phonics: 12 Books in 1,1.4
Pedro Rodrigues,First Little Readers Parent Pack: Guided Reading Level A: 25 Irresistible Books That Are Just the Right Level for Beginning R,1.1
Pedro Rodrigues,Hatchet,4.2
Pedro Rodrigues,"The Wager: A Tale of Shipwreck, Mutiny and Murder",1.7
Pedro Rodrigues,"I'm Dead, Now What?: Important Information About My Belongings, Business Affairs, and Wishes",3.7
Pedro Rodrigues,The Wonky Donkey,2.3
Juliana Ferreira,"Iron Flame (The Empyrean, 2)",1.1
Juliana Ferreira,My Name Is Barbra,3.3
Juliana Ferreira,"Friends, Lovers, and the Big Terrible Thing: A Memoir",4.8
Juliana Ferreira,How to Catch a Turkey,1.2
Juliana Ferreira,"Fourth Wing (The Empyrean, 1)",4.1
Juliana Ferreira,Unwoke: How to Defeat Cultural Marxism in America,3.4
Juliana Ferreira,No Brainer (Diary of a Wimpy Kid Book 18),1.1
Juliana Ferreira,Killers of the Flower Moon: The Osage Murders and the Birth of the FBI,1.0
Juliana Ferreira,All the Light We Cannot See: A Novel,4.6
Juliana Ferreira,The Ballad of Songbirds and Snakes (A Hunger Games Novel) (The Hunger Games),3.1
Juliana Ferreira,Atomic Habits: An Easy & Proven Way to Build Good Habits & Break Bad Ones,4.7
Juliana Ferreira,Stocking Stuffer Mad Libs: World's Greatest Word Game,3.4
Juliana Ferreira,The Great Disappearance: 31 Ways to be Rapture Ready,2.7
Juliana Ferreira,Lessons in Chemistry: A Novel,3.1
Juliana Ferreira,The Exchange: After The Firm (The Firm Series),1.5
Juliana Ferreira,Taylor Swift: A Little Golden Book Biography,1.5
Juliana Ferreira,Don't Let the Pigeon Drive the Sleigh!,2.5
Juliana Ferreira,Turkey Trouble,2.5
Juliana Ferreira,"The Body Keeps the Score: Brain, Mind, and Body in the Healing of Trauma",3.7
Juliana Ferreira,"A Court of Thorns and Roses (A Court of Thorns and Roses, 1)",4.4
Juliana Ferreira,A Little Life,2.0
Juliana Ferreira,"House of Flame and Shadow (Crescent City, 3)",4.9
Juliana Ferreira,"World of Eric Carle, Around the Farm 30-Button Animal Sound Book - Great for First Words - PI Kids",4.0
Juliana Ferreira,"Goodnight, Goodnight Construction Site (Board Book for Toddlers, Children's Board Book)",4.0
Juliana Ferreira,The Leaf Thief: (The Perfect Fall Book for Children and Toddlers),1.7
Juliana Ferreira,Murtagh: The World of Eragon (The Inheritance Cycle),4.9
Juliana Ferreira,Balloons over Broadway: The True Story of the Puppeteer of Macy's Parade (Bank Street College of Education Flora Stieglitz St,4.0
Juliana Ferreira,The Four Agreements: A Practical Guide to Personal Freedom (A Toltec Wisdom Book),4.8
Juliana Ferreira,The Housemaid,1.0
Juliana Ferreira,How to Know a Person: The Art of Seeing Others Deeply and Being Deeply Seen,1.1
Juliana Ferreira,The Very Hungry Caterpillar,3.2
Juliana Ferreira,How to Catch a Reindeer,1.2
Juliana Ferreira,Pookie's Thanksgiving (Little Pookie),2.7
Juliana Ferreira,"The Psychology of Money: Timeless lessons on wealth, greed, and happiness",4.0
Juliana Ferreira,The Seven Husbands of Evelyn Hugo: A Novel,1.7
Juliana Ferreira,I Love You to the Moon and Back,5.0
Juliana Ferreira,Outlive: The Science and Art of Longevity,3.5
Juliana Ferreira,Hundred Years' War on Palestine,2.4
Juliana Ferreira,Goodnight Moon,1.0
Juliana Ferreira,I Am Thankful: A Thanksgiving Book for Kids,1.6
Juliana Ferreira,Where's Bluey?: A Search-and-Find Book,4.9
Juliana Ferreira,The Wonderful Things You Will Be,4.4
Juliana Ferreira,How to Catch a Dinosaur,2.4
Juliana Ferreira,Hidden Potential: The Science of Achieving Greater Things,2.4
Juliana Ferreira,Resurrection Walk (Lincoln Lawyer),4.4
Juliana Ferreira,The Christmas Fix,1.8
Juliana Ferreira,Flash Cards: Sight Words,4.0
Juliana Ferreira,I Love You Like No Otter: A Funny and Sweet Animal Board Book for Babies and Toddlers this Christmas (Punderland),4.9
Juliana Ferreira,Chicka Chicka Boom Boom (Board Book),4.2
Juliana Ferreira,"From Crook to Cook: Platinum Recipes from Tha Boss Dogg's Kitchen (Snoop Dogg Cookbook, Celebrity Cookbook with Soul Food Rec",1.1
Juliana Ferreira,"Interesting Facts For Curious Minds: 1572 Random But Mind-Blowing Facts About History, Science, Pop Culture And Everything In",3.4
Juliana Ferreira,There Was an Old Lady Who Swallowed a Turkey!,3.2
Juliana Ferreira,The Complete Cookbook for Young Chefs: 100+ Recipes that You'll Love to Cook and Eat,2.2
Juliana Ferreira,Llama Llama Gives Thanks,3.3
Juliana Ferreira,Tom Lake: A Reese's Book Club Pick,3.8
Juliana Ferreira,The Covenant of Water (Oprah's Book Club),2.1
Juliana Ferreira,Dirty Thirty (30) (Stephanie Plum),2.7
Juliana Ferreira,How to Catch an Elf,2.9
Juliana Ferreira,Haunting Adeline (Cat and Mouse Duet),1.1
Juliana Ferreira,Verity,2.7
Juliana Ferreira,"A Court of Mist and Fury (A Court of Thorns and Roses, 2)",4.4
Juliana Ferreira,My First Library : Boxset of 10 Board Books for Kids (My First Book of),3.7
Juliana Ferreira,"Forever Strong: A New, Science-Based Strategy for Aging Well",3.6
Juliana Ferreira,Where's Spot?,2.4
Juliana Ferreira,Demon Copperhead: A Pulitzer Prize Winner,2.3
Juliana Ferreira,Israel: A Simple Guide to the Most Misunderstood Country on Earth,1.4
Juliana Ferreira,Remarkably Bright Creatures: A Read with Jenna Pick,1.3
Juliana Ferreira,Harry Potter Paperback Box Set (Books 1-7),4.6
Juliana Ferreira,Just Because,1.9
Juliana Ferreira,Things We Never Got Over (Knockemout),4.8
Juliana Ferreira,Five Silly Turkeys,3.3
Juliana Ferreira,Love Comes First,1.2
Juliana Ferreira,The Ballad of Songbirds and Snakes (A Hunger Games Novel) (The Hunger Games),1.1
Juliana Ferreira,"A Court of Wings and Ruin (A Court of Thorns and Roses, 3)",1.0
Juliana Ferreira,The Shadow Work Journal 2nd Edition: a Guide to Integrate and Transcend Your Shadows: The Essential Guidebook for Shadow Work,3.5
Juliana Ferreira,"Harry Potter and the Prisoner of Azkaban (Harry Potter, Book 3) (MinaLima Edition)",4.5
Juliana Ferreira,"Moo, Baa, La La La!",1.6
Juliana Ferreira,The Coworker,3.9
Juliana Ferreira,Rich Dad Poor Dad: What the Rich Teach Their Kids About Money That the Poor and Middle Class Do Not!,1.6
Juliana Ferreira,Paw Patrol Phonics: 12 Books in 1,1.3
Juliana Ferreira,First Little Readers Parent Pack: Guided Reading Level A: 25 Irresistible Books That Are Just the Right Level for Beginning R,1.9
Juliana Ferreira,Hatchet,4.8
Juliana Ferreira,"I'm Dead, Now What?: Important Information About My Belongings, Business Affairs, and Wishes",1.6
Juliana Ferreira,The Wonky Donkey,4.1
Lucas Almeida,"Iron Flame (The Empyrean, 2)",4.7
Lucas Almeida,The Woman in Me,1.5
Lucas Almeida,My Name Is Barbra,4.3
Lucas Almeida,"Fourth Wing (The Empyrean, 1)",3.2
Lucas Almeida,Unwoke: How to Defeat Cultural Marxism in America,4.2
Lucas Almeida,Killers of the Flower Moon: The Osage Murders and the Birth of the FBI,1.9
Lucas Almeida,All the Light We Cannot See: A Novel,3.4
Lucas Almeida,The Ballad of Songbirds and Snakes (A Hunger Games Novel) (The Hunger Games),2.6
Lucas Almeida,Night (Night),4.2
Lucas Almeida,Atomic Habits: An Easy & Proven Way to Build Good Habits & Break Bad Ones,4.4
Lucas Almeida,Stocking Stuffer Mad Libs: World's Greatest Word Game,2.8
Lucas Almeida,The 48 Laws of Power,3.5
Lucas Almeida,Turkey Trouble,4.5
Lucas Almeida,"A Court of Thorns and Roses (A Court of Thorns and Roses, 1)",1.6
Lucas Almeida,"House of Flame and Shadow (Crescent City, 3)",4.7
Lucas Almeida,"World of Eric Carle, Around the Farm 30-Button Animal Sound Book - Great for First Words - PI Kids",1.2
Lucas Almeida,"Goodnight, Goodnight Construction Site (Board Book for Toddlers, Children's Board Book)",2.1
Lucas Almeida,The Leaf Thief: (The Perfect Fall Book for Children and Toddlers),2.6
Lucas Almeida,Balloons over Broadway: The True Story of the Puppeteer of Macy's Parade (Bank Street College of Education Flora Stieglitz St,1.7
Lucas Almeida,The Housemaid,1.6
Lucas Almeida,The Very Hungry Caterpillar,2.9
Lucas Almeida,I Love You to the Moon and Back,4.5
Lucas Almeida,Goodnight Moon,1.5
Lucas Almeida,"How to Be the Love You Seek: Break Cycles, Find Peace, and Heal Your Relationships",3.3
Lucas Almeida,A Court of Thorns and Roses Paperback Box Set (5 books),3.8
Lucas Almeida,The Wonderful Things You Will Be,1.7
Lucas Almeida,How to Catch a Dinosaur,2.2
Lucas Almeida,Hidden Potential: The Science of Achieving Greater Things,1.1
Lucas Almeida,Resurrection Walk (Lincoln Lawyer),3.7
Lucas Almeida,The Christmas Fix,1.9
Lucas Almeida,Flash Cards: Sight Words,3.8
Lucas Almeida,I Love You Like No Otter: A Funny and Sweet Animal Board Book for Babies and Toddlers this Christmas (Punderland),3.3
Lucas Almeida,"Interesting Facts For Curious Minds: 1572 Random But Mind-Blowing Facts About History, Science, Pop Culture And Everything In",1.7
Lucas Almeida,There Was an Old Lady Who Swallowed a Turkey!,1.5
Lucas Almeida,Elon Musk,5.0
Lucas Almeida,Tom Lake: A Reese's Book Club Pick,2.2
Lucas Almeida,Dirty Thirty (30) (Stephanie Plum),3.3
Lucas Almeida,How to Catch an Elf,2.9
Lucas Almeida,"Forever Strong: A New, Science-Based Strategy for Aging Well",1.3
Lucas Almeida,Where's Spot?,4.3
Lucas Almeida,Demon Copperhead: A Pulitzer Prize Winner,1.3
Lucas Almeida,Israel: A Simple Guide to the Most Misunderstood Country on Earth,4.2
Lucas Almeida,Remarkably Bright Creatures: A Read with Jenna Pick,1.2
Lucas Almeida,Harry Potter Paperback Box Set (Books 1-7),2.9
Lucas Almeida,If Animals Kissed Good Night,2.4
Lucas Almeida,Five Silly Turkeys,3.3
Lucas Almeida,Paint by Sticker Kids: Christmas: Create 10 Pictures One Sticker at a Time! Includes Glitter Stickers,1.2
Lucas Almeida,Love Comes First,2.7
Lucas Almeida,The Ballad of Songbirds and Snakes (A Hunger Games Novel) (The Hunger Games),2.8
Lucas Almeida,The Shadow Work Journal 2nd Edition: a Guide to Integrate and Transcend Your Shadows: The Essential Guidebook for Shadow Work,1.3
Lucas Almeida,"Harry Potter and the Prisoner of Azkaban (Harry Potter, Book 3) (MinaLima Edition)",3.8
Lucas Almeida,Rich Dad Poor Dad: What the Rich Teach Their Kids About Money That the Poor and Middle Class Do Not!,3.0
Lucas Almeida,Paw Patrol Phonics: 12 Books in 1,3.0
Lucas Almeida,First Little Readers Parent Pack: Guided Reading Level A: 25 Irresistible Books That Are Just the Right Level for Beginning R,1.6
Lucas Almeida,Hatchet,3.0
Amanda Costa,"Iron Flame (The Empyrean, 2)",2.3
Amanda Costa,The Woman in Me,3.8
Amanda Costa,My Name Is Barbra,4.3
Amanda Costa,"Friends, Lovers, and the Big Terrible Thing: A Memoir",4.8
Amanda Costa,How to Catch a Turkey,2.4
Amanda Costa,"Fourth Wing (The Empyrean, 1)",2.1
Amanda Costa,Unwoke: How to Defeat Cultural Marxism in America,2.8
Amanda Costa,No Brainer (Diary of a Wimpy Kid Book 18),4.3
Amanda Costa,Killers of the Flower Moon: The Osage Murders and the Birth of the FBI,4.1
Amanda Costa,All the Light We Cannot See: A Novel,2.3
Amanda Costa,The Ballad of Songbirds and Snakes (A Hunger Games Novel) (The Hunger Games),3.1
Amanda Costa,Night (Night),1.4
Amanda Costa,Atomic Habits: An Easy & Proven Way to Build Good Habits & Break Bad Ones,4.4
Amanda Costa,Stocking Stuffer Mad Libs: World's Greatest Word Game,2.7
Amanda Costa,The 48 Laws of Power,2.8
Amanda Costa,The Great Disappearance: 31 Ways to be Rapture Ready,3.0
Amanda Costa,Lessons in Chemistry: A Novel,2.9
Amanda Costa,The Exchange: After The Firm (The Firm Series),3.7
Amanda Costa,Taylor Swift: A Little Golden Book Biography,4.7
Amanda Costa,Don't Let the Pigeon Drive the Sleigh!,1.4
Amanda Costa,Turkey Trouble,2.2
Amanda Costa,"The Body Keeps the Score: Brain, Mind, and Body in the Healing of Trauma",4.8
Amanda Costa,"A Court of Thorns and Roses (A Court of Thorns and Roses, 1)",3.9
Amanda Costa,A Little Life,1.5
Amanda Costa,"House of Flame and Shadow (Crescent City, 3)",1.1
Amanda Costa,"World of Eric Carle, Around the Farm 30-Button Animal Sound Book - Great for First Words - PI Kids",1.5
Amanda Costa,"Goodnight, Goodnight Construction Site (Board Book for Toddlers, Children's Board Book)",1.4
Amanda Costa,The Leaf Thief: (The Perfect Fall Book for Children and Toddlers),5.0
Amanda Costa,Murtagh: The World of Eragon (The Inheritance Cycle),1.2
Amanda Costa,"Brown Bear, Brown Bear, What Do You See?",3.5
Amanda Costa,Balloons over Broadway: The True Story of the Puppeteer of Macy's Parade (Bank Street College of Education Flora Stieglitz St,1.9
Amanda Costa,The Four Agreements: A Practical Guide to Personal Freedom (A Toltec Wisdom Book),4.2
Amanda Costa,The Housemaid,3.7
Amanda Costa,How to Know a Person: The Art of Seeing Others Deeply and Being Deeply Seen,3.5
Amanda Costa,The Very Hungry Caterpillar,4.3
Amanda Costa,How to Catch a Reindeer,2.5
Amanda Costa,Pookie's Thanksgiving (Little Pookie),2.3
Amanda Costa,"The Psychology of Money: Timeless lessons on wealth, greed, and happiness",3.4
Amanda Costa,The Seven Husbands of Evelyn Hugo: A Novel,3.4
Amanda Costa,I Love You to the Moon and Back,4.1
Amanda Costa,Outlive: The Science and Art of Longevity,2.1
Amanda Costa,Hundred Years' War on Palestine,1.8
Amanda Costa,Little Blue Truck's Christmas: A Christmas Holiday Book for Kids,3.8
Amanda Costa,Goodnight Moon,3.9
Amanda Costa,I Am Thankful: A Thanksgiving Book for Kids,5.0
Amanda Costa,"How to Be the Love You Seek: Break Cycles, Find Peace, and Heal Your Relationships",1.2
Amanda Costa,A Court of Thorns and Roses Paperback Box Set (5 books),3.0
Amanda Costa,Where's Bluey?: A Search-and-Find Book,2.9
Amanda Costa,The Wonderful Things You Will Be,2.6
Amanda Costa,How to Catch a Dinosaur,3.2
Amanda Costa,Hidden Potential: The Science of Achieving Greater Things,2.0
Amanda Costa,Resurrection Walk (Lincoln Lawyer),4.8
Amanda Costa,The Christmas Fix,2.7
Amanda Costa,Flash Cards: Sight Words,2.1
Amanda Costa,I Love You Like No Otter: A Funny and Sweet Animal Board Book for Babies and Toddlers this Christmas (Punderland),4.8
Amanda Costa,Chicka Chicka Boom Boom (Board Book),4.2
Amanda Costa,"From Crook to Cook: Platinum Recipes from Tha Boss Dogg's Kitchen (Snoop Dogg Cookbook, Celebrity Cookbook with Soul Food Rec",1.4
Amanda Costa,The Shadow Work Journal: A Guide to Integrate and Transcend your Shadows,3.8
Amanda Costa,"Interesting Facts For Curious Minds: 1572 Random But Mind-Blowing Facts About History, Science, Pop Culture And Everything In",3.2
Amanda Costa,There Was an Old Lady Who Swallowed a Turkey!,2.2
Amanda Costa,Elon Musk,1.8
Amanda Costa,The Complete Cookbook for Young Chefs: 100+ Recipes that You'll Love to Cook and Eat,1.5
Amanda Costa,Llama Llama Gives Thanks,4.3
Amanda Costa,Tom Lake: A Reese's Book Club Pick,3.3
Amanda Costa,The Covenant of Water (Oprah's Book Club),3.9
Amanda Costa,Dirty Thirty (30) (Stephanie Plum),3.3
Amanda Costa,How to Catch an Elf,2.1
Amanda Costa,"School Zone - Multiplication 0-12 Flash Cards - Ages 8+, 3rd Grade, 4th Grade, Elementary Math, Multiplication Facts, Common ",2.3
Amanda Costa,"Hello, Baby Animals: A Durable High-Contrast Black-and-White Board Book for Newborns and Babies (High-Contrast Books)",3.7
Amanda Costa,Haunting Adeline (Cat and Mouse Duet),2.0
Amanda Costa,Verity,2.9
Amanda Costa,"A Court of Mist and Fury (A Court of Thorns and Roses, 2)",3.2
Amanda Costa,The Creative Act: A Way of Being,2.6
Amanda Costa,My First Library : Boxset of 10 Board Books for Kids (My First Book of),3.6
Amanda Costa,"Forever Strong: A New, Science-Based Strategy for Aging Well",3.3
Amanda Costa,Where's Spot?,4.8
Amanda Costa,Demon Copperhead: A Pulitzer Prize Winner,3.0
Amanda Costa,Israel: A Simple Guide to the Most Misunderstood Country on Earth,3.7
Amanda Costa,Remarkably Bright Creatures: A Read with Jenna Pick,4.0
Amanda Costa,Harry Potter Paperback Box Set (Books 1-7),4.5
Amanda Costa,Just Because,4.1
Amanda Costa,If Animals Kissed Good Night,3.0
Amanda Costa,Things We Never Got Over (Knockemout),3.9
Amanda Costa,Five Silly Turkeys,3.9
Amanda Costa,Paint by Sticker Kids: Christmas: Create 10 Pictures One Sticker at a Time! Includes Glitter Stickers,3.8
Amanda Costa,Love Comes First,2.6
Amanda Costa,The Ballad of Songbirds and Snakes (A Hunger Games Novel) (The Hunger Games),2.8
Amanda Costa,"A Court of Wings and Ruin (A Court of Thorns and Roses, 3)",2.2
Amanda Costa,The Shadow Work Journal 2nd Edition: a Guide to Integrate and Transcend Your Shadows: The Essential Guidebook for Shadow Work,2.1
Amanda Costa,"Harry Potter and the Prisoner of Azkaban (Harry Potter, Book 3) (MinaLima Edition)",3.3
Amanda Costa,"Moo, Baa, La La La!",3.9
Amanda Costa,The Coworker,1.8
Amanda Costa,Rich Dad Poor Dad: What the Rich Teach Their Kids About Money That the Poor and Middle Class Do Not!,4.5
Amanda Costa,Percy Jackson and the Olympians: The Chalice of the Gods (Percy Jackson & the Olympians),2.5
Amanda Costa,Paw Patrol Phonics: 12 Books in 1,1.3
Amanda Costa,First Little Readers Parent Pack: Guided Reading Level A: 25 Irresistible Books That Are Just the Right Level for Beginning R,2.6
Amanda Costa,Hatchet,1.5
Amanda Costa,"The Wager: A Tale of Shipwreck, Mutiny and Murder",3.9
Amanda Costa,"I'm Dead, Now What?: Important Information About My Belongings, Business Affairs, and Wishes",1.4
Amanda Costa,The Wonky Donkey,2.4
Fernando Pereira,"Iron Flame (The Empyrean, 2)",4.6
Fernando Pereira,The Woman in Me,1.4
Fernando Pereira,My Name Is Barbra,1.4
Fernando Pereira,How to Catch a Turkey,4.8
Fernando Pereira,Unwoke: How to Defeat Cultural Marxism in America,2.0
Fernando Pereira,No Brainer (Diary of a Wimpy Kid Book 18),1.4
Fernando Pereira,Killers of the Flower Moon: The Osage Murders and the Birth of the FBI,4.6
Fernando Pereira,The Ballad of Songbirds and Snakes (A Hunger Games Novel) (The Hunger Games),2.7
Fernando Pereira,Atomic Habits: An Easy & Proven Way to Build Good Habits & Break Bad Ones,2.1
Fernando Pereira,The 48 Laws of Power,3.2
Fernando Pereira,The Great Disappearance: 31 Ways to be Rapture Ready,2.5
Fernando Pereira,Lessons in Chemistry: A Novel,4.3
Fernando Pereira,The Exchange: After The Firm (The Firm Series),3.3
Fernando Pereira,Taylor Swift: A Little Golden Book Biography,1.7
Fernando Pereira,Don't Let the Pigeon Drive the Sleigh!,1.7
Fernando Pereira,Turkey Trouble,2.7
Fernando Pereira,"The Body Keeps the Score: Brain, Mind, and Body in the Healing of Trauma",3.1
Fernando Pereira,"A Court of Thorns and Roses (A Court of Thorns and Roses, 1)",1.0
Fernando Pereira,"World of Eric Carle, Around the Farm 30-Button Animal Sound Book - Great for First Words - PI Kids",2.1
Fernando Pereira,"Goodnight, Goodnight Construction Site (Board Book for Toddlers, Children's Board Book)",1.6
Fernando Pereira,Murtagh: The World of Eragon (The Inheritance Cycle),4.1
Fernando Pereira,"Brown Bear, Brown Bear, What Do You See?",1.4
Fernando Pereira,The Four Agreements: A Practical Guide to Personal Freedom (A Toltec Wisdom Book),2.2
Fernando Pereira,The Housemaid,4.4
Fernando Pereira,How to Know a Person: The Art of Seeing Others Deeply and Being Deeply Seen,4.3
Fernando Pereira,The Very Hungry Caterpillar,4.2
Fernando Pereira,How to Catch a Reindeer,2.7
Fernando Pereira,Pookie's Thanksgiving (Little Pookie),4.8
Fernando Pereira,Outlive: The Science and Art of Longevity,3.5
Fernando Pereira,Goodnight Moon,5.0
Fernando Pereira,I Am Thankful: A Thanksgiving Book for Kids,3.6
Fernando Pereira,A Court of Thorns and Roses Paperback Box Set (5 books),3.5
Fernando Pereira,The Wonderful Things You Will Be,1.7
Fernando Pereira,How to Catch a Dinosaur,1.4
Fernando Pereira,Hidden Potential: The Science of Achieving Greater Things,1.8
Fernando Pereira,The Christmas Fix,2.1
Fernando Pereira,Flash Cards: Sight Words,5.0
Fernando Pereira,I Love You Like No Otter: A Funny and Sweet Animal Board Book for Babies and Toddlers this Christmas (Punderland),1.3
Fernando Pereira,"From Crook to Cook: Platinum Recipes from Tha Boss Dogg's Kitchen (Snoop Dogg Cookbook, Celebrity Cookbook with Soul Food Rec",4.1
Fernando Pereira,The Shadow Work Journal: A Guide to Integrate and Transcend your Shadows,2.3
Fernando Pereira,There Was an Old Lady Who Swallowed a Turkey!,3.8
Fernando Pereira,Llama Llama Gives Thanks,3.3
Fernando Pereira,The Covenant of Water (Oprah's Book Club),4.9
Fernando Pereira,Dirty Thirty (30) (Stephanie Plum),2.6
Fernando Pereira,How to Catch an Elf,4.8
Fernando Pereira,"School Zone - Multiplication 0-12 Flash Cards - Ages 8+, 3rd Grade, 4th Grade, Elementary Math, Multiplication Facts, Common ",2.8
Fernando Pereira,"Hello, Baby Animals: A Durable High-Contrast Black-and-White Board Book for Newborns and Babies (High-Contrast Books)",1.1
Fernando Pereira,Haunting Adeline (Cat and Mouse Duet),3.7
Fernando Pereira,Verity,1.7
Fernando Pereira,"A Court of Mist and Fury (A Court of Thorns and Roses, 2)",2.7
Fernando Pereira,The Creative Act: A Way of Being,2.1
Fernando Pereira,My First Library : Boxset of 10 Board Books for Kids (My First Book of),3.8
Fernando Pereira,Demon Copperhead: A Pulitzer Prize Winner,1.6
Fernando Pereira,Israel: A Simple Guide to the Most Misunderstood Country on Earth,3.4
Fernando Pereira,Remarkably Bright Creatures: A Read with Jenna Pick,3.7
Fernando Pereira,Things We Never Got Over (Knockemout),1.7
Fernando Pereira,Five Silly Turkeys,3.7
Fernando Pereira,Paint by Sticker Kids: Christmas: Create 10 Pictures One Sticker at a Time! Includes Glitter Stickers,4.7
Fernando Pereira,Love Comes First,3.5
Fernando Pereira,The Ballad of Songbirds and Snakes (A Hunger Games Novel) (The Hunger Games),1.2
Fernando Pereira,"A Court of Wings and Ruin (A Court of Thorns and Roses, 3)",2.4
Fernando Pereira,"Harry Potter and the Prisoner of Azkaban (Harry Potter, Book 3) (MinaLima Edition)",1.8
Fernando Pereira,The Coworker,4.0
Fernando Pereira,Rich Dad Poor Dad: What the Rich Teach Their Kids About Money That the Poor and Middle Class Do Not!,4.7
Fernando Pereira,Percy Jackson and the Olympians: The Chalice of the Gods (Percy Jackson & the Olympians),2.6
Fernando Pereira,Paw Patrol Phonics: 12 Books in 1,3.3
Fernando Pereira,First Little Readers Parent Pack: Guided Reading Level A: 25 Irresistible Books That Are Just the Right Level for Beginning R,3.0
Fernando Pereira,"The Wager: A Tale of Shipwreck, Mutiny and Murder",1.1
Fernando Pereira,"I'm Dead, Now What?: Important Information About My Belongings, Business Affairs, and Wishes",3.0
Fernando Pereira,The Wonky Donkey,3.7
Camila Gomes,"Iron Flame (The Empyrean, 2)",2.0
Camila Gomes,The Woman in Me,3.3
Camila Gomes,My Name Is Barbra,3.8
Camila Gomes,"Friends, Lovers, and the Big Terrible Thing: A Memoir",4.4
Camila Gomes,"Fourth Wing (The Empyrean, 1)",2.7
Camila Gomes,Unwoke: How to Defeat Cultural Marxism in America,3.0
Camila Gomes,No Brainer (Diary of a Wimpy Kid Book 18),3.1
Camila Gomes,Killers of the Flower Moon: The Osage Murders and the Birth of the FBI,3.2
Camila Gomes,Night (Night),4.4
Camila Gomes,Atomic Habits: An Easy & Proven Way to Build Good Habits & Break Bad Ones,1.7
Camila Gomes,The 48 Laws of Power,4.0
Camila Gomes,Lessons in Chemistry: A Novel,4.6
Camila Gomes,The Exchange: After The Firm (The Firm Series),4.5
Camila Gomes,Don't Let the Pigeon Drive the Sleigh!,2.5
Camila Gomes,Turkey Trouble,2.8
Camila Gomes,"The Body Keeps the Score: Brain, Mind, and Body in the Healing of Trauma",4.5
Camila Gomes,"A Court of Thorns and Roses (A Court of Thorns and Roses, 1)",3.0
Camila Gomes,A Little Life,2.2
Camila Gomes,"House of Flame and Shadow (Crescent City, 3)",1.6
Camila Gomes,"World of Eric Carle, Around the Farm 30-Button Animal Sound Book - Great for First Words - PI Kids",2.1
Camila Gomes,The Leaf Thief: (The Perfect Fall Book for Children and Toddlers),3.5
Camila Gomes,Murtagh: The World of Eragon (The Inheritance Cycle),4.0
Camila Gomes,"Brown Bear, Brown Bear, What Do You See?",4.7
Camila Gomes,Balloons over Broadway: The True Story of the Puppeteer of Macy's Parade (Bank Street College of Education Flora Stieglitz St,2.2
Camila Gomes,The Housemaid,1.2
Camila Gomes,How to Know a Person: The Art of Seeing Others Deeply and Being Deeply Seen,2.9
Camila Gomes,The Very Hungry Caterpillar,1.6
Camila Gomes,Pookie's Thanksgiving (Little Pookie),4.6
Camila Gomes,The Seven Husbands of Evelyn Hugo: A Novel,1.5
Camila Gomes,Outlive: The Science and Art of Longevity,1.7
Camila Gomes,Hundred Years' War on Palestine,3.0
Camila Gomes,Little Blue Truck's Christmas: A Christmas Holiday Book for Kids,2.0
Camila Gomes,Goodnight Moon,4.5
Camila Gomes,I Am Thankful: A Thanksgiving Book for Kids,1.6
Camila Gomes,"How to Be the Love You Seek: Break Cycles, Find Peace, and Heal Your Relationships",1.2
Camila Gomes,A Court of Thorns and Roses Paperback Box Set (5 books),3.6
Camila Gomes,How to Catch a Dinosaur,1.8
Camila Gomes,Hidden Potential: The Science of Achieving Greater Things,1.2
Camila Gomes,Resurrection Walk (Lincoln Lawyer),1.4
Camila Gomes,The Christmas Fix,3.6
Camila Gomes,Flash Cards: Sight Words,3.1
Camila Gomes,Chicka Chicka Boom Boom (Board Book),2.4
Camila Gomes,"From Crook to Cook: Platinum Recipes from Tha Boss Dogg's Kitchen (Snoop Dogg Cookbook, Celebrity Cookbook with Soul Food Rec",3.2
Camila Gomes,The Shadow Work Journal: A Guide to Integrate and Transcend your Shadows,2.1
Camila Gomes,"Interesting Facts For Curious Minds: 1572 Random But Mind-Blowing Facts About History, Science, Pop Culture And Everything In",3.2
Camila Gomes,There Was an Old Lady Who Swallowed a Turkey!,4.1
Camila Gomes,Elon Musk,4.8
Camila Gomes,The Complete Cookbook for Young Chefs: 100+ Recipes that You'll Love to Cook and Eat,4.8
Camila Gomes,Llama Llama Gives Thanks,2.7
Camila Gomes,Tom Lake: A Reese's Book Club Pick,4.2
Camila Gomes,The Covenant of Water (Oprah's Book Club),4.8
Camila Gomes,Dirty Thirty (30) (Stephanie Plum),1.2
Camila Gomes,How to Catch an Elf,4.3
Camila Gomes,"School Zone - Multiplication 0-12 Flash Cards - Ages 8+, 3rd Grade, 4th Grade, Elementary Math, Multiplication Facts, Common ",3.3
Camila Gomes,"Hello, Baby Animals: A Durable High-Contrast Black-and-White Board Book for Newborns and Babies (High-Contrast Books)",1.8
Camila Gomes,Haunting Adeline (Cat and Mouse Duet),2.5
Camila Gomes,Verity,1.9
Camila Gomes,"A Court of Mist and Fury (A Court of Thorns and Roses, 2)",3.7
Camila Gomes,The Creative Act: A Way of Being,2.4
Camila Gomes,My First Library : Boxset of 10 Board Books for Kids (My First Book of),1.8
Camila Gomes,Where's Spot?,1.9
Camila Gomes,Demon Copperhead: A Pulitzer Prize Winner,3.8
Camila Gomes,Israel: A Simple Guide to the Most Misunderstood Country on Earth,3.4
Camila Gomes,Harry Potter Paperback Box Set (Books 1-7),4.1
Camila Gomes,Just Because,1.4
Camila Gomes,If Animals Kissed Good Night,3.0
Camila Gomes,Things We Never Got Over (Knockemout),4.8
Camila Gomes,Five Silly Turkeys,1.2
Camila Gomes,Paint by Sticker Kids: Christmas: Create 10 Pictures One Sticker at a Time! Includes Glitter Stickers,2.5
Camila Gomes,Love Comes First,3.9
Camila Gomes,The Shadow Work Journal 2nd Edition: a Guide to Integrate and Transcend Your Shadows: The Essential Guidebook for Shadow Work,1.2
Camila Gomes,"Harry Potter and the Prisoner of Azkaban (Harry Potter, Book 3) (MinaLima Edition)",1.4
Camila Gomes,"Moo, Baa, La La La!",3.4
Camila Gomes,The Coworker,2.2
Camila Gomes,Rich Dad Poor Dad: What the Rich Teach Their Kids About Money That the Poor and Middle Class Do Not!,3.5
Camila Gomes,Percy Jackson and the Olympians: The Chalice of the Gods (Percy Jackson & the Olympians),1.5
Camila Gomes,Paw Patrol Phonics: 12 Books in 1,3.7
Camila Gomes,First Little Readers Parent Pack: Guided Reading Level A: 25 Irresistible Books That Are Just the Right Level for Beginning R,1.7
Camila Gomes,"I'm Dead, Now What?: Important Information About My Belongings, Business Affairs, and Wishes",4.0
Camila Gomes,The Wonky Donkey,1.8
Diego Martins,How to Catch a Turkey,3.2
Diego Martins,All the Light We Cannot See: A Novel,1.0
Diego Martins,Night (Night),3.9
Diego Martins,The Great Disappearance: 31 Ways to be Rapture Ready,3.9
Diego Martins,The Exchange: After The Firm (The Firm Series),2.3
Diego Martins,Don't Let the Pigeon Drive the Sleigh!,4.7
Diego Martins,"House of Flame and Shadow (Crescent City, 3)",2.3
Diego Martins,"Goodnight, Goodnight Construction Site (Board Book for Toddlers, Children's Board Book)",3.1
Diego Martins,Murtagh: The World of Eragon (The Inheritance Cycle),5.0
Diego Martins,"Brown Bear, Brown Bear, What Do You See?",3.9
Diego Martins,Balloons over Broadway: The True Story of the Puppeteer of Macy's Parade (Bank Street College of Education Flora Stieglitz St,2.2
Diego Martins,The Four Agreements: A Practical Guide to Personal Freedom (A Toltec Wisdom Book),4.9
Diego Martins,"The Psychology of Money: Timeless lessons on wealth, greed, and happiness",1.2
Diego Martins,I Love You to the Moon and Back,4.2
Diego Martins,I Am Thankful: A Thanksgiving Book for Kids,1.7
Diego Martins,How to Catch a Dinosaur,1.0
Diego Martins,The Christmas Fix,3.9
Diego Martins,"From Crook to Cook: Platinum Recipes from Tha Boss Dogg's Kitchen (Snoop Dogg Cookbook, Celebrity Cookbook with Soul Food Rec",2.6
Diego Martins,The Complete Cookbook for Young Chefs: 100+ Recipes that You'll Love to Cook and Eat,2.4
Diego Martins,Llama Llama Gives Thanks,1.1
Diego Martins,Tom Lake: A Reese's Book Club Pick,2.7
Diego Martins,The Creative Act: A Way of Being,3.2
Diego Martins,"Forever Strong: A New, Science-Based Strategy for Aging Well",4.1
Diego Martins,Israel: A Simple Guide to the Most Misunderstood Country on Earth,2.9
Diego Martins,Remarkably Bright Creatures: A Read with Jenna Pick,4.0
Diego Martins,Harry Potter Paperback Box Set (Books 1-7),1.5
Diego Martins,Just Because,1.1
Diego Martins,If Animals Kissed Good Night,2.7
Diego Martins,Five Silly Turkeys,1.3
Diego Martins,Paint by Sticker Kids: Christmas: Create 10 Pictures One Sticker at a Time! Includes Glitter Stickers,3.4
Diego Martins,"Harry Potter and the Prisoner of Azkaban (Harry Potter, Book 3) (MinaLima Edition)",3.2
Laura Bezerra,"Friends, Lovers, and the Big Terrible Thing: A Memoir",2.4
Laura Bezerra,"Fourth Wing (The Empyrean, 1)",3.8
Laura Bezerra,No Brainer (Diary of a Wimpy Kid Book 18),1.1
Laura Bezerra,The Ballad of Songbirds and Snakes (A Hunger Games Novel) (The Hunger Games),1.7
Laura Bezerra,Night (Night),2.7
Laura Bezerra,Atomic Habits: An Easy & Proven Way to Build Good Habits & Break Bad Ones,4.8
Laura Bezerra,Stocking Stuffer Mad Libs: World's Greatest Word Game,3.9
Laura Bezerra,The Great Disappearance: 31 Ways to be Rapture Ready,4.3
Laura Bezerra,"The Body Keeps the Score: Brain, Mind, and Body in the Healing of Trauma",2.1
Laura Bezerra,A Little Life,1.5
Laura Bezerra,The Leaf Thief: (The Perfect Fall Book for Children and Toddlers),2.5
Laura Bezerra,Murtagh: The World of Eragon (The Inheritance Cycle),3.0
Laura Bezerra,The Four Agreements: A Practical Guide to Personal Freedom (A Toltec Wisdom Book),3.8
Laura Bezerra,The Housemaid,2.0
Laura Bezerra,How to Know a Person: The Art of Seeing Others Deeply and Being Deeply Seen,3.9
Laura Bezerra,Pookie's Thanksgiving (Little Pookie),1.5
Laura Bezerra,"The Psychology of Money: Timeless lessons on wealth, greed, and happiness",2.3
Laura Bezerra,I Love You to the Moon and Back,3.6
Laura Bezerra,Outlive: The Science and Art of Longevity,2.8
Laura Bezerra,The Wonderful Things You Will Be,2.2
Laura Bezerra,How to Catch a Dinosaur,2.7
Laura Bezerra,I Love You Like No Otter: A Funny and Sweet Animal Board Book for Babies and Toddlers this Christmas (Punderland),3.6
Laura Bezerra,"From Crook to Cook: Platinum Recipes from Tha Boss Dogg's Kitchen (Snoop Dogg Cookbook, Celebrity Cookbook with Soul Food Rec",3.9
Laura Bezerra,The Shadow Work Journal: A Guide to Integrate and Transcend your Shadows,3.5
Laura Bezerra,There Was an Old Lady Who Swallowed a Turkey!,3.5
Laura Bezerra,The Complete Cookbook for Young Chefs: 100+ Recipes that You'll Love to Cook and Eat,3.7
Laura Bezerra,How to Catch an Elf,3.5
Laura Bezerra,"A Court of Mist and Fury (A Court of Thorns and Roses, 2)",3.7
Laura Bezerra,The Creative Act: A Way of Being,2.3
Laura Bezerra,My First Library : Boxset of 10 Board Books for Kids (My First Book of),4.1
Laura Bezerra,Where's Spot?,3.7
Laura Bezerra,Demon Copperhead: A Pulitzer Prize Winner,3.3
Laura Bezerra,Israel: A Simple Guide to the Most Misunderstood Country on Earth,3.4
Laura Bezerra,Remarkably Bright Creatures: A Read with Jenna Pick,2.5
Laura Bezerra,If Animals Kissed Good Night,2.8
Laura Bezerra,The Ballad of Songbirds and Snakes (A Hunger Games Novel) (The Hunger Games),1.4
Laura Bezerra,The Shadow Work Journal 2nd Edition: a Guide to Integrate and Transcend Your Shadows: The Essential Guidebook for Shadow Work,2.6
Laura Bezerra,The Coworker,2.6
Laura Bezerra,Rich Dad Poor Dad: What the Rich Teach Their Kids About Money That the Poor and Middle Class Do Not!,2.7
Laura Bezerra,Percy Jackson and the Olympians: The Chalice of the Gods (Percy Jackson & the Olympians),3.3
Laura Bezerra,"The Wager: A Tale of Shipwreck, Mutiny and Murder",3.0
Tiago Ribeiro,The Ballad of Songbirds and Snakes (A Hunger Games Novel) (The Hunger Games),3.1
Tiago Ribeiro,Atomic Habits: An Easy & Proven Way to Build Good Habits & Break Bad Ones,4.9
Tiago Ribeiro,The 48 Laws of Power,4.0
Tiago Ribeiro,The Great Disappearance: 31 Ways to be Rapture Ready,1.4
Tiago Ribeiro,The Exchange: After The Firm (The Firm Series),2.2
Tiago Ribeiro,Taylor Swift: A Little Golden Book Biography,3.1
Tiago Ribeiro,Turkey Trouble,2.4
Tiago Ribeiro,"House of Flame and Shadow (Crescent City, 3)",3.6
Tiago Ribeiro,"Goodnight, Goodnight Construction Site (Board Book for Toddlers, Children's Board Book)",2.9
Tiago Ribeiro,"The Psychology of Money: Timeless lessons on wealth, greed, and happiness",1.0
Tiago Ribeiro,Hundred Years' War on Palestine,5.0
Tiago Ribeiro,Flash Cards: Sight Words,3.0
Tiago Ribeiro,The Complete Cookbook for Young Chefs: 100+ Recipes that You'll Love to Cook and Eat,4.7
Tiago Ribeiro,"Hello, Baby Animals: A Durable High-Contrast Black-and-White Board Book for Newborns and Babies (High-Contrast Books)",5.0
Tiago Ribeiro,Haunting Adeline (Cat and Mouse Duet),2.7
Tiago Ribeiro,Demon Copperhead: A Pulitzer Prize Winner,4.5
Tiago Ribeiro,Israel: A Simple Guide to the Most Misunderstood Country on Earth,3.6
Tiago Ribeiro,Just Because,2.9
Tiago Ribeiro,If Animals Kissed Good Night,4.6
Tiago Ribeiro,Things We Never Got Over (Knockemout),2.2
Tiago Ribeiro,Paint by Sticker Kids: Christmas: Create 10 Pictures One Sticker at a Time! Includes Glitter Stickers,1.2
Tiago Ribeiro,The Ballad of Songbirds and Snakes (A Hunger Games Novel) (The Hunger Games),3.1
Tiago Ribeiro,The Shadow Work Journal 2nd Edition: a Guide to Integrate and Transcend Your Shadows: The Essential Guidebook for Shadow Work,4.5
Tiago Ribeiro,"Harry Potter and the Prisoner of Azkaban (Harry Potter, Book 3) (MinaLima Edition)",4.8
Tiago Ribeiro,Paw Patrol Phonics: 12 Books in 1,3.9
Tiago Ribeiro,Hatchet,3.5
Isabela Fernandes,The Woman in Me,2.0
Isabela Fernandes,My Name Is Barbra,1.5
Isabela Fernandes,"Friends, Lovers, and the Big Terrible Thing: A Memoir",1.8
Isabela Fernandes,Unwoke: How to Defeat Cultural Marxism in America,4.9
Isabela Fernandes,All the Light We Cannot See: A Novel,3.5
Isabela Fernandes,The Ballad of Songbirds and Snakes (A Hunger Games Novel) (The Hunger Games),1.1
Isabela Fernandes,Atomic Habits: An Easy & Proven Way to Build Good Habits & Break Bad Ones,4.7
Isabela Fernandes,Stocking Stuffer Mad Libs: World's Greatest Word Game,2.2
Isabela Fernandes,The 48 Laws of Power,1.8
Isabela Fernandes,Lessons in Chemistry: A Novel,3.0
Isabela Fernandes,The Exchange: After The Firm (The Firm Series),3.1
Isabela Fernandes,Don't Let the Pigeon Drive the Sleigh!,2.5
Isabela Fernandes,A Little Life,2.7
Isabela Fernandes,"World of Eric Carle, Around the Farm 30-Button Animal Sound Book - Great for First Words - PI Kids",3.8
Isabela Fernandes,"Goodnight, Goodnight Construction Site (Board Book for Toddlers, Children's Board Book)",4.1
Isabela Fernandes,The Leaf Thief: (The Perfect Fall Book for Children and Toddlers),1.7
Isabela Fernandes,"Brown Bear, Brown Bear, What Do You See?",1.8
Isabela Fernandes,The Four Agreements: A Practical Guide to Personal Freedom (A Toltec Wisdom Book),2.6
Isabela Fernandes,How to Know a Person: The Art of Seeing Others Deeply and Being Deeply Seen,4.7
Isabela Fernandes,The Very Hungry Caterpillar,2.9
Isabela Fernandes,How to Catch a Reindeer,1.1
Isabela Fernandes,Pookie's Thanksgiving (Little Pookie),1.9
Isabela Fernandes,The Seven Husbands of Evelyn Hugo: A Novel,3.8
Isabela Fernandes,Outlive: The Science and Art of Longevity,3.0
Isabela Fernandes,Hundred Years' War on Palestine,3.0
Isabela Fernandes,Goodnight Moon,3.6
Isabela Fernandes,Where's Bluey?: A Search-and-Find Book,4.7
Isabela Fernandes,The Wonderful Things You Will Be,2.8
Isabela Fernandes,Hidden Potential: The Science of Achieving Greater Things,1.7
Isabela Fernandes,Resurrection Walk (Lincoln Lawyer),4.9
Isabela Fernandes,Chicka Chicka Boom Boom (Board Book),3.2
Isabela Fernandes,The Shadow Work Journal: A Guide to Integrate and Transcend your Shadows,4.6
Isabela Fernandes,"Interesting Facts For Curious Minds: 1572 Random But Mind-Blowing Facts About History, Science, Pop Culture And Everything In",4.6
Isabela Fernandes,Llama Llama Gives Thanks,4.2
Isabela Fernandes,The Covenant of Water (Oprah's Book Club),1.4
Isabela Fernandes,Dirty Thirty (30) (Stephanie Plum),4.2
Isabela Fernandes,How to Catch an Elf,2.5
Isabela Fernandes,Haunting Adeline (Cat and Mouse Duet),1.3
Isabela Fernandes,"A Court of Mist and Fury (A Court of Thorns and Roses, 2)",4.3
Isabela Fernandes,My First Library : Boxset of 10 Board Books for Kids (My First Book of),4.9
Isabela Fernandes,"Forever Strong: A New, Science-Based Strategy for Aging Well",4.8
Isabela Fernandes,Demon Copperhead: A Pulitzer Prize Winner,2.8
Isabela Fernandes,If Animals Kissed Good Night,4.6
Isabela Fernandes,The Ballad of Songbirds and Snakes (A Hunger Games Novel) (The Hunger Games),3.4
Isabela Fernandes,"A Court of Wings and Ruin (A Court of Thorns and Roses, 3)",4.7
Isabela Fernandes,The Shadow Work Journal 2nd Edition: a Guide to Integrate and Transcend Your Shadows: The Essential Guidebook for Shadow Work,1.1
Isabela Fernandes,"Harry Potter and the Prisoner of Azkaban (Harry Potter, Book 3) (MinaLima Edition)",2.4
Isabela Fernandes,The Coworker,3.8
Isabela Fernandes,Percy Jackson and the Olympians: The Chalice of the Gods (Percy Jackson & the Olympians),3.9
Isabela Fernandes,Paw Patrol Phonics: 12 Books in 1,1.7
Isabela Fernandes,First Little Readers Parent Pack: Guided Reading Level A: 25 Irresistible Books That Are Just the Right Level for Beginning R,2.2
Isabela Fernandes,"I'm Dead, Now What?: Important Information About My Belongings, Business Affairs, and Wishes",2.2
Ricardo Cardoso,The Woman in Me,5.0
Ricardo Cardoso,No Brainer (Diary of a Wimpy Kid Book 18),2.8
Ricardo Cardoso,Night (Night),4.0
Ricardo Cardoso,Taylor Swift: A Little Golden Book Biography,1.7
Ricardo Cardoso,"The Body Keeps the Score: Brain, Mind, and Body in the Healing of Trauma",3.5
Ricardo Cardoso,"A Court of Thorns and Roses (A Court of Thorns and Roses, 1)",3.0
Ricardo Cardoso,Murtagh: The World of Eragon (The Inheritance Cycle),4.3
Ricardo Cardoso,"Brown Bear, Brown Bear, What Do You See?",4.9
Ricardo Cardoso,Balloons over Broadway: The True Story of the Puppeteer of Macy's Parade (Bank Street College of Education Flora Stieglitz St,1.1
Ricardo Cardoso,The Four Agreements: A Practical Guide to Personal Freedom (A Toltec Wisdom Book),4.8
Ricardo Cardoso,Pookie's Thanksgiving (Little Pookie),3.3
Ricardo Cardoso,Little Blue Truck's Christmas: A Christmas Holiday Book for Kids,2.8
Ricardo Cardoso,Goodnight Moon,1.8
Ricardo Cardoso,There Was an Old Lady Who Swallowed a Turkey!,1.7
Ricardo Cardoso,The Covenant of Water (Oprah's Book Club),1.9
Ricardo Cardoso,Haunting Adeline (Cat and Mouse Duet),2.8
Ricardo Cardoso,The Creative Act: A Way of Being,2.1
Ricardo Cardoso,"Forever Strong: A New, Science-Based Strategy for Aging Well",4.5
Ricardo Cardoso,Demon Copperhead: A Pulitzer Prize Winner,2.8
Ricardo Cardoso,Israel: A Simple Guide to the Most Misunderstood Country on Earth,1.4
Ricardo Cardoso,Just Because,1.8
Ricardo Cardoso,If Animals Kissed Good Night,2.8
Ricardo Cardoso,The Shadow Work Journal 2nd Edition: a Guide to Integrate and Transcend Your Shadows: The Essential Guidebook for Shadow Work,1.1
Ricardo Cardoso,Rich Dad Poor Dad: What the Rich Teach Their Kids About Money That the Poor and Middle Class Do Not!,3.2
Ricardo Cardoso,Paw Patrol Phonics: 12 Books in 1,3.0
Beatriz Carvalho,"Iron Flame (The Empyrean, 2)",1.3
Beatriz Carvalho,The Woman in Me,3.5
Beatriz Carvalho,My Name Is Barbra,1.1
Beatriz Carvalho,"Friends, Lovers, and the Big Terrible Thing: A Memoir",1.6
Beatriz Carvalho,How to Catch a Turkey,3.0
Beatriz Carvalho,"Fourth Wing (The Empyrean, 1)",4.7
Beatriz Carvalho,No Brainer (Diary of a Wimpy Kid Book 18),2.9
Beatriz Carvalho,Killers of the Flower Moon: The Osage Murders and the Birth of the FBI,1.8
Beatriz Carvalho,All the Light We Cannot See: A Novel,3.4
Beatriz Carvalho,The Ballad of Songbirds and Snakes (A Hunger Games Novel) (The Hunger Games),1.6
Beatriz Carvalho,Night (Night),1.8
Beatriz Carvalho,Stocking Stuffer Mad Libs: World's Greatest Word Game,4.7
Beatriz Carvalho,The 48 Laws of Power,2.1
Beatriz Carvalho,Lessons in Chemistry: A Novel,3.9
Beatriz Carvalho,The Exchange: After The Firm (The Firm Series),3.6
Beatriz Carvalho,Taylor Swift: A Little Golden Book Biography,2.2
Beatriz Carvalho,Don't Let the Pigeon Drive the Sleigh!,4.0
Beatriz Carvalho,Turkey Trouble,2.8
Beatriz Carvalho,"The Body Keeps the Score: Brain, Mind, and Body in the Healing of Trauma",1.6
Beatriz Carvalho,"A Court of Thorns and Roses (A Court of Thorns and Roses, 1)",2.4
Beatriz Carvalho,A Little Life,2.7
Beatriz Carvalho,"House of Flame and Shadow (Crescent City, 3)",2.2
Beatriz Carvalho,"World of Eric Carle, Around the Farm 30-Button Animal Sound Book - Great for First Words - PI Kids",3.1
Beatriz Carvalho,"Goodnight, Goodnight Construction Site (Board Book for Toddlers, Children's Board Book)",1.4
Beatriz Carvalho,The Leaf Thief: (The Perfect Fall Book for Children and Toddlers),3.9
Beatriz Carvalho,The Four Agreements: A Practical Guide to Personal Freedom (A Toltec Wisdom Book),4.3
Beatriz Carvalho,The Housemaid,4.5
Beatriz Carvalho,The Very Hungry Caterpillar,4.8
Beatriz Carvalho,How to Catch a Reindeer,4.7
Beatriz Carvalho,Pookie's Thanksgiving (Little Pookie),2.6
Beatriz Carvalho,"The Psychology of Money: Timeless lessons on wealth, greed, and happiness",4.5
Beatriz Carvalho,The Seven Husbands of Evelyn Hugo: A Novel,1.7
Beatriz Carvalho,I Love You to the Moon and Back,4.2
Beatriz Carvalho,Outlive: The Science and Art of Longevity,2.0
Beatriz Carvalho,Hundred Years' War on Palestine,4.3
Beatriz Carvalho,Goodnight Moon,4.2
Beatriz Carvalho,I Am Thankful: A Thanksgiving Book for Kids,3.4
Beatriz Carvalho,"How to Be the Love You Seek: Break Cycles, Find Peace, and Heal Your Relationships",2.2
Beatriz Carvalho,A Court of Thorns and Roses Paperback Box Set (5 books),4.8
Beatriz Carvalho,How to Catch a Dinosaur,3.8
Beatriz Carvalho,Resurrection Walk (Lincoln Lawyer),2.5
Beatriz Carvalho,The Christmas Fix,1.5
Beatriz Carvalho,Flash Cards: Sight Words,2.0
Beatriz Carvalho,Chicka Chicka Boom Boom (Board Book),2.5
Beatriz Carvalho,The Shadow Work Journal: A Guide to Integrate and Transcend your Shadows,2.5
Beatriz Carvalho,There Was an Old Lady Who Swallowed a Turkey!,1.7
Beatriz Carvalho,Elon Musk,2.5
Beatriz Carvalho,Llama Llama Gives Thanks,2.0
Beatriz Carvalho,Tom Lake: A Reese's Book Club Pick,2.0
Beatriz Carvalho,The Covenant of Water (Oprah's Book Club),3.7
Beatriz Carvalho,Dirty Thirty (30) (Stephanie Plum),1.8
Beatriz Carvalho,"Hello, Baby Animals: A Durable High-Contrast Black-and-White Board Book for Newborns and Babies (High-Contrast Books)",4.1
Beatriz Carvalho,Haunting Adeline (Cat and Mouse Duet),4.6
Beatriz Carvalho,Verity,3.9
Beatriz Carvalho,The Creative Act: A Way of Being,1.8
Beatriz Carvalho,"Forever Strong: A New, Science-Based Strategy for Aging Well",3.7
Beatriz Carvalho,Where's Spot?,3.6
Beatriz Carvalho,Demon Copperhead: A Pulitzer Prize Winner,3.6
Beatriz Carvalho,Israel: A Simple Guide to the Most Misunderstood Country on Earth,3.4
Beatriz Carvalho,Remarkably Bright Creatures: A Read with Jenna Pick,3.7
Beatriz Carvalho,Harry Potter Paperback Box Set (Books 1-7),3.1
Beatriz Carvalho,Things We Never Got Over (Knockemout),2.6
Beatriz Carvalho,Five Silly Turkeys,3.7
Beatriz Carvalho,Paint by Sticker Kids: Christmas: Create 10 Pictures One Sticker at a Time! Includes Glitter Stickers,1.8
Beatriz Carvalho,The Ballad of Songbirds and Snakes (A Hunger Games Novel) (The Hunger Games),1.1
Beatriz Carvalho,"Harry Potter and the Prisoner of Azkaban (Harry Potter, Book 3) (MinaLima Edition)",4.8
Beatriz Carvalho,"Moo, Baa, La La La!",3.5
Beatriz Carvalho,The Coworker,1.8
Beatriz Carvalho,Rich Dad Poor Dad: What the Rich Teach Their Kids About Money That the Poor and Middle Class Do Not!,4.8
Beatriz Carvalho,Percy Jackson and the Olympians: The Chalice of the Gods (Percy Jackson & the Olympians),3.3
Beatriz Carvalho,Paw Patrol Phonics: 12 Books in 1,3.8
Beatriz Carvalho,First Little Readers Parent Pack: Guided Reading Level A: 25 Irresistible Books That Are Just the Right Level for Beginning R,1.6
Beatriz Carvalho,Hatchet,4.9
Beatriz Carvalho,"The Wager: A Tale of Shipwreck, Mutiny and Murder",2.3
Beatriz Carvalho,The Wonky Donkey,1.5
Gustavo Melo,"Iron Flame (The Empyrean, 2)",2.7
Gustavo Melo,The Woman in Me,1.9
Gustavo Melo,My Name Is Barbra,3.0
Gustavo Melo,How to Catch a Turkey,1.4
Gustavo Melo,Unwoke: How to Defeat Cultural Marxism in America,2.1
Gustavo Melo,No Brainer (Diary of a Wimpy Kid Book 18),1.8
Gustavo Melo,Killers of the Flower Moon: The Osage Murders and the Birth of the FBI,3.5
Gustavo Melo,All the Light We Cannot See: A Novel,5.0
Gustavo Melo,The Ballad of Songbirds and Snakes (A Hunger Games Novel) (The Hunger Games),4.4
Gustavo Melo,Night (Night),3.4
Gustavo Melo,Atomic Habits: An Easy & Proven Way to Build Good Habits & Break Bad Ones,2.0
Gustavo Melo,Stocking Stuffer Mad Libs: World's Greatest Word Game,3.8
Gustavo Melo,The 48 Laws of Power,1.8
Gustavo Melo,The Great Disappearance: 31 Ways to be Rapture Ready,3.2
Gustavo Melo,Lessons in Chemistry: A Novel,3.0
Gustavo Melo,The Exchange: After The Firm (The Firm Series),3.0
Gustavo Melo,Taylor Swift: A Little Golden Book Biography,1.8
Gustavo Melo,Don't Let the Pigeon Drive the Sleigh!,2.2
Gustavo Melo,Turkey Trouble,1.5
Gustavo Melo,"A Court of Thorns and Roses (A Court of Thorns and Roses, 1)",4.6
Gustavo Melo,A Little Life,5.0
Gustavo Melo,"World of Eric Carle, Around the Farm 30-Button Animal Sound Book - Great for First Words - PI Kids",1.6
Gustavo Melo,"Goodnight, Goodnight Construction Site (Board Book for Toddlers, Children's Board Book)",2.3
Gustavo Melo,Murtagh: The World of Eragon (The Inheritance Cycle),3.2
Gustavo Melo,"Brown Bear, Brown Bear, What Do You See?",1.1
Gustavo Melo,Balloons over Broadway: The True Story of the Puppeteer of Macy's Parade (Bank Street College of Education Flora Stieglitz St,4.1
Gustavo Melo,The Four Agreements: A Practical Guide to Personal Freedom (A Toltec Wisdom Book),4.6
Gustavo Melo,The Housemaid,4.5
Gustavo Melo,The Very Hungry Caterpillar,2.0
Gustavo Melo,How to Catch a Reindeer,3.6
Gustavo Melo,Pookie's Thanksgiving (Little Pookie),4.9
Gustavo Melo,"The Psychology of Money: Timeless lessons on wealth, greed, and happiness",3.8
Gustavo Melo,I Love You to the Moon and Back,3.0
Gustavo Melo,Outlive: The Science and Art of Longevity,2.6
Gustavo Melo,Hundred Years' War on Palestine,2.0
Gustavo Melo,Little Blue Truck's Christmas: A Christmas Holiday Book for Kids,2.4
Gustavo Melo,I Am Thankful: A Thanksgiving Book for Kids,1.2
Gustavo Melo,"How to Be the Love You Seek: Break Cycles, Find Peace, and Heal Your Relationships",2.9
Gustavo Melo,A Court of Thorns and Roses Paperback Box Set (5 books),2.7
Gustavo Melo,Where's Bluey?: A Search-and-Find Book,4.8
Gustavo Melo,The Wonderful Things You Will Be,1.5
Gustavo Melo,How to Catch a Dinosaur,2.7
Gustavo Melo,The Christmas Fix,2.2
Gustavo Melo,Flash Cards: Sight Words,2.8
Gustavo Melo,I Love You Like No Otter: A Funny and Sweet Animal Board Book for Babies and Toddlers this Christmas (Punderland),3.7
Gustavo Melo,Chicka Chicka Boom Boom (Board Book),4.2
Gustavo Melo,"From Crook to Cook: Platinum Recipes from Tha Boss Dogg's Kitchen (Snoop Dogg Cookbook, Celebrity Cookbook with Soul Food Rec",4.6
Gustavo Melo,The Shadow Work Journal: A Guide to Integrate and Transcend your Shadows,1.4
Gustavo Melo,"Interesting Facts For Curious Minds: 1572 Random But Mind-Blowing Facts About History, Science, Pop Culture And Everything In",1.9
Gustavo Melo,The Complete Cookbook for Young Chefs: 100+ Recipes that You'll Love to Cook and Eat,4.1
Gustavo Melo,Llama Llama Gives Thanks,3.7
Gustavo Melo,The Covenant of Water (Oprah's Book Club),4.2
Gustavo Melo,Dirty Thirty (30) (Stephanie Plum),3.0
Gustavo Melo,"School Zone - Multiplication 0-12 Flash Cards - Ages 8+, 3rd Grade, 4th Grade, Elementary Math, Multiplication Facts, Common ",1.3
Gustavo Melo,"Hello, Baby Animals: A Durable High-Contrast Black-and-White Board Book for Newborns and Babies (High-Contrast Books)",3.6
Gustavo Melo,Haunting Adeline (Cat and Mouse Duet),2.3
Gustavo Melo,Verity,3.8
Gustavo Melo,"A Court of Mist and Fury (A Court of Thorns and Roses, 2)",5.0
Gustavo Melo,My First Library : Boxset of 10 Board Books for Kids (My First Book of),2.6
Gustavo Melo,Where's Spot?,4.9
Gustavo Melo,Demon Copperhead: A Pulitzer Prize Winner,1.8
Gustavo Melo,Israel: A Simple Guide to the Most Misunderstood Country on Earth,4.4
Gustavo Melo,Remarkably Bright Creatures: A Read with Jenna Pick,2.5
Gustavo Melo,Just Because,4.5
Gustavo Melo,Things We Never Got Over (Knockemout),1.6
Gustavo Melo,Five Silly Turkeys,3.3
Gustavo Melo,Paint by Sticker Kids: Christmas: Create 10 Pictures One Sticker at a Time! Includes Glitter Stickers,2.6
Gustavo Melo,Love Comes First,2.4
Gustavo Melo,The Ballad of Songbirds and Snakes (A Hunger Games Novel) (The Hunger Games),2.5
Gustavo Melo,The Shadow Work Journal 2nd Edition: a Guide to Integrate and Transcend Your Shadows: The Essential Guidebook for Shadow Work,4.5
Gustavo Melo,"Harry Potter and the Prisoner of Azkaban (Harry Potter, Book 3) (MinaLima Edition)",3.9
Gustavo Melo,"Moo, Baa, La La La!",3.8
Gustavo Melo,The Coworker,3.3
Gustavo Melo,Percy Jackson and the Olympians: The Chalice of the Gods (Percy Jackson & the Olympians),2.4
Gustavo Melo,First Little Readers Parent Pack: Guided Reading Level A: 25 Irresistible Books That Are Just the Right Level for Beginning R,2.1
Gustavo Melo,"The Wager: A Tale of Shipwreck, Mutiny and Murder",3.9
Gustavo Melo,"I'm Dead, Now What?: Important Information About My Belongings, Business Affairs, and Wishes",4.2
Gustavo Melo,The Wonky Donkey,1.0
Patrícia Nunes,"Iron Flame (The Empyrean, 2)",4.5
Patrícia Nunes,The Woman in Me,2.4
Patrícia Nunes,My Name Is Barbra,4.8
Patrícia Nunes,"Friends, Lovers, and the Big Terrible Thing: A Memoir",4.7
Patrícia Nunes,How to Catch a Turkey,1.3
Patrícia Nunes,Unwoke: How to Defeat Cultural Marxism in America,3.3
Patrícia Nunes,No Brainer (Diary of a Wimpy Kid Book 18),4.9
Patrícia Nunes,Killers of the Flower Moon: The Osage Murders and the Birth of the FBI,2.6
Patrícia Nunes,The Ballad of Songbirds and Snakes (A Hunger Games Novel) (The Hunger Games),1.3
Patrícia Nunes,Night (Night),4.2
Patrícia Nunes,Atomic Habits: An Easy & Proven Way to Build Good Habits & Break Bad Ones,4.9
Patrícia Nunes,Stocking Stuffer Mad Libs: World's Greatest Word Game,3.7
Patrícia Nunes,Lessons in Chemistry: A Novel,1.6
Patrícia Nunes,Turkey Trouble,2.5
Patrícia Nunes,"The Body Keeps the Score: Brain, Mind, and Body in the Healing of Trauma",4.4
Patrícia Nunes,"A Court of Thorns and Roses (A Court of Thorns and Roses, 1)",2.9
Patrícia Nunes,A Little Life,4.4
Patrícia Nunes,"House of Flame and Shadow (Crescent City, 3)",1.0
Patrícia Nunes,"World of Eric Carle, Around the Farm 30-Button Animal Sound Book - Great for First Words - PI Kids",1.9
Patrícia Nunes,"Goodnight, Goodnight Construction Site (Board Book for Toddlers, Children's Board Book)",1.5
Patrícia Nunes,The Leaf Thief: (The Perfect Fall Book for Children and Toddlers),3.6
Patrícia Nunes,The Four Agreements: A Practical Guide to Personal Freedom (A Toltec Wisdom Book),2.4
Patrícia Nunes,The Very Hungry Caterpillar,2.7
Patrícia Nunes,How to Catch a Reindeer,1.1
Patrícia Nunes,Pookie's Thanksgiving (Little Pookie),2.4
Patrícia Nunes,"The Psychology of Money: Timeless lessons on wealth, greed, and happiness",3.8
Patrícia Nunes,The Seven Husbands of Evelyn Hugo: A Novel,2.0
Patrícia Nunes,I Love You to the Moon and Back,3.6
Patrícia Nunes,Outlive: The Science and Art of Longevity,1.3
Patrícia Nunes,Little Blue Truck's Christmas: A Christmas Holiday Book for Kids,1.6
Patrícia Nunes,Goodnight Moon,1.5
Patrícia Nunes,"How to Be the Love You Seek: Break Cycles, Find Peace, and Heal Your Relationships",1.3
Patrícia Nunes,Where's Bluey?: A Search-and-Find Book,4.5
Patrícia Nunes,The Wonderful Things You Will Be,1.1
Patrícia Nunes,How to Catch a Dinosaur,4.9
Patrícia Nunes,Resurrection Walk (Lincoln Lawyer),5.0
Patrícia Nunes,The Christmas Fix,3.2
Patrícia Nunes,Flash Cards: Sight Words,1.4
Patrícia Nunes,I Love You Like No Otter: A Funny and Sweet Animal Board Book for Babies and Toddlers this Christmas (Punderland),1.1
Patrícia Nunes,The Shadow Work Journal: A Guide to Integrate and Transcend your Shadows,3.7
Patrícia Nunes,"Interesting Facts For Curious Minds: 1572 Random But Mind-Blowing Facts About History, Science, Pop Culture And Everything In",4.7
Patrícia Nunes,Elon Musk,4.6
Patrícia Nunes,The Covenant of Water (Oprah's Book Club),2.2
Patrícia Nunes,Dirty Thirty (30) (Stephanie Plum),2.6
Patrícia Nunes,How to Catch an Elf,4.5
Patrícia Nunes,"School Zone - Multiplication 0-12 Flash Cards - Ages 8+, 3rd Grade, 4th Grade, Elementary Math, Multiplication Facts, Common ",3.3
Patrícia Nunes,"Hello, Baby Animals: A Durable High-Contrast Black-and-White Board Book for Newborns and Babies (High-Contrast Books)",4.9
Patrícia Nunes,Haunting Adeline (Cat and Mouse Duet),4.6
Patrícia Nunes,Verity,1.4
Patrícia Nunes,"A Court of Mist and Fury (A Court of Thorns and Roses, 2)",2.2
Patrícia Nunes,The Creative Act: A Way of Being,2.4
Patrícia Nunes,"Forever Strong: A New, Science-Based Strategy for Aging Well",4.9
Patrícia Nunes,Demon Copperhead: A Pulitzer Prize Winner,3.1
Patrícia Nunes,Israel: A Simple Guide to the Most Misunderstood Country on Earth,4.7
Patrícia Nunes,Remarkably Bright Creatures: A Read with Jenna Pick,4.4
Patrícia Nunes,Harry Potter Paperback Box Set (Books 1-7),4.6
Patrícia Nunes,If Animals Kissed Good Night,1.4
Patrícia Nunes,Things We Never Got Over (Knockemout),3.6
Patrícia Nunes,Five Silly Turkeys,3.5
Patrícia Nunes,Paint by Sticker Kids: Christmas: Create 10 Pictures One Sticker at a Time! Includes Glitter Stickers,1.5
Patrícia Nunes,The Ballad of Songbirds and Snakes (A Hunger Games Novel) (The Hunger Games),4.9
Patrícia Nunes,"A Court of Wings and Ruin (A Court of Thorns and Roses, 3)",2.8
Patrícia Nunes,"Harry Potter and the Prisoner of Azkaban (Harry Potter, Book 3) (MinaLima Edition)",4.9
Patrícia Nunes,"Moo, Baa, La La La!",3.1
Patrícia Nunes,Percy Jackson and the Olympians: The Chalice of the Gods (Percy Jackson & the Olympians),3.1
Patrícia Nunes,Paw Patrol Phonics: 12 Books in 1,3.0
Patrícia Nunes,First Little Readers Parent Pack: Guided Reading Level A: 25 Irresistible Books That Are Just the Right Level for Beginning R,3.3
Patrícia Nunes,"I'm Dead, Now What?: Important Information About My Belongings, Business Affairs, and Wishes",2.8
Bruno Cunha,"Iron Flame (The Empyrean, 2)",4.8
Bruno Cunha,The Woman in Me,2.1
Bruno Cunha,My Name Is Barbra,2.4
Bruno Cunha,How to Catch a Turkey,2.9
Bruno Cunha,Unwoke: How to Defeat Cultural Marxism in America,3.4
Bruno Cunha,No Brainer (Diary of a Wimpy Kid Book 18),2.5
Bruno Cunha,Killers of the Flower Moon: The Osage Murders and the Birth of the FBI,1.1
Bruno Cunha,The Ballad of Songbirds and Snakes (A Hunger Games Novel) (The Hunger Games),2.8
Bruno Cunha,Night (Night),2.6
Bruno Cunha,Atomic Habits: An Easy & Proven Way to Build Good Habits & Break Bad Ones,1.4
Bruno Cunha,Stocking Stuffer Mad Libs: World's Greatest Word Game,3.3
Bruno Cunha,The 48 Laws of Power,3.8
Bruno Cunha,The Great Disappearance: 31 Ways to be Rapture Ready,4.5
Bruno Cunha,Lessons in Chemistry: A Novel,4.5
Bruno Cunha,The Exchange: After The Firm (The Firm Series),4.7
Bruno Cunha,Taylor Swift: A Little Golden Book Biography,2.6
Bruno Cunha,Don't Let the Pigeon Drive the Sleigh!,1.3
Bruno Cunha,"The Body Keeps the Score: Brain, Mind, and Body in the Healing of Trauma",2.5
Bruno Cunha,"A Court of Thorns and Roses (A Court of Thorns and Roses, 1)",4.6
Bruno Cunha,A Little Life,4.9
Bruno Cunha,"House of Flame and Shadow (Crescent City, 3)",2.4
Bruno Cunha,"World of Eric Carle, Around the Farm 30-Button Animal Sound Book - Great for First Words - PI Kids",4.1
Bruno Cunha,"Goodnight, Goodnight Construction Site (Board Book for Toddlers, Children's Board Book)",4.3
Bruno Cunha,The Leaf Thief: (The Perfect Fall Book for Children and Toddlers),4.9
Bruno Cunha,Murtagh: The World of Eragon (The Inheritance Cycle),1.7
Bruno Cunha,"Brown Bear, Brown Bear, What Do You See?",3.3
Bruno Cunha,Balloons over Broadway: The True Story of the Puppeteer of Macy's Parade (Bank Street College of Education Flora Stieglitz St,1.5
Bruno Cunha,The Four Agreements: A Practical Guide to Personal Freedom (A Toltec Wisdom Book),5.0
Bruno Cunha,The Housemaid,1.9
Bruno Cunha,How to Know a Person: The Art of Seeing Others Deeply and Being Deeply Seen,2.9
Bruno Cunha,The Very Hungry Caterpillar,1.2
Bruno Cunha,How to Catch a Reindeer,4.7
Bruno Cunha,Pookie's Thanksgiving (Little Pookie),2.4
Bruno Cunha,"The Psychology of Money: Timeless lessons on wealth, greed, and happiness",2.3
Bruno Cunha,The Seven Husbands of Evelyn Hugo: A Novel,1.1
Bruno Cunha,I Love You to the Moon and Back,5.0
Bruno Cunha,Outlive: The Science and Art of Longevity,2.4
Bruno Cunha,Hundred Years' War on Palestine,1.6
Bruno Cunha,Little Blue Truck's Christmas: A Christmas Holiday Book for Kids,2.7
Bruno Cunha,Goodnight Moon,3.6
Bruno Cunha,I Am Thankful: A Thanksgiving Book for Kids,2.1
Bruno Cunha,"How to Be the Love You Seek: Break Cycles, Find Peace, and Heal Your Relationships",2.9
Bruno Cunha,A Court of Thorns and Roses Paperback Box Set (5 books),1.9
Bruno Cunha,Where's Bluey?: A Search-and-Find Book,1.9
Bruno Cunha,The Wonderful Things You Will Be,2.9
Bruno Cunha,How to Catch a Dinosaur,4.5
Bruno Cunha,Hidden Potential: The Science of Achieving Greater Things,5.0
Bruno Cunha,Resurrection Walk (Lincoln Lawyer),1.2
Bruno Cunha,The Christmas Fix,1.5
Bruno Cunha,Flash Cards: Sight Words,3.6
Bruno Cunha,I Love You Like No Otter: A Funny and Sweet Animal Board Book for Babies and Toddlers this Christmas (Punderland),4.0
Bruno Cunha,Chicka Chicka Boom Boom (Board Book),3.8
Bruno Cunha,"From Crook to Cook: Platinum Recipes from Tha Boss Dogg's Kitchen (Snoop Dogg Cookbook, Celebrity Cookbook with Soul Food Rec",1.9
Bruno Cunha,The Shadow Work Journal: A Guide to Integrate and Transcend your Shadows,2.7
Bruno Cunha,"Interesting Facts For Curious Minds: 1572 Random But Mind-Blowing Facts About History, Science, Pop Culture And Everything In",2.8
Bruno Cunha,There Was an Old Lady Who Swallowed a Turkey!,2.4
Bruno Cunha,Elon Musk,5.0
Bruno Cunha,The Complete Cookbook for Young Chefs: 100+ Recipes that You'll Love to Cook and Eat,4.4
Bruno Cunha,Llama Llama Gives Thanks,4.4
Bruno Cunha,Tom Lake: A Reese's Book Club Pick,4.8
Bruno Cunha,The Covenant of Water (Oprah's Book Club),4.0
Bruno Cunha,How to Catch an Elf,4.8
Bruno Cunha,"School Zone - Multiplication 0-12 Flash Cards - Ages 8+, 3rd Grade, 4th Grade, Elementary Math, Multiplication Facts, Common ",4.2
Bruno Cunha,"Hello, Baby Animals: A Durable High-Contrast Black-and-White Board Book for Newborns and Babies (High-Contrast Books)",4.7
Bruno Cunha,Haunting Adeline (Cat and Mouse Duet),3.4
Bruno Cunha,Verity,3.5
Bruno Cunha,"A Court of Mist and Fury (A Court of Thorns and Roses, 2)",2.3
Bruno Cunha,The Creative Act: A Way of Being,1.9
Bruno Cunha,My First Library : Boxset of 10 Board Books for Kids (My First Book of),1.3
Bruno Cunha,"Forever Strong: A New, Science-Based Strategy for Aging Well",3.6
Bruno Cunha,Where's Spot?,4.0
Bruno Cunha,Demon Copperhead: A Pulitzer Prize Winner,1.5
Bruno Cunha,Israel: A Simple Guide to the Most Misunderstood Country on Earth,3.2
Bruno Cunha,Remarkably Bright Creatures: A Read with Jenna Pick,3.9
Bruno Cunha,Harry Potter Paperback Box Set (Books 1-7),2.8
Bruno Cunha,Just Because,4.2
Bruno Cunha,If Animals Kissed Good Night,2.0
Bruno Cunha,Things We Never Got Over (Knockemout),3.6
Bruno Cunha,Five Silly Turkeys,1.3
Bruno Cunha,Paint by Sticker Kids: Christmas: Create 10 Pictures One Sticker at a Time! Includes Glitter Stickers,2.5
Bruno Cunha,Love Comes First,3.8
Bruno Cunha,The Ballad of Songbirds and Snakes (A Hunger Games Novel) (The Hunger Games),4.2
Bruno Cunha,"A Court of Wings and Ruin (A Court of Thorns and Roses, 3)",5.0
Bruno Cunha,The Shadow Work Journal 2nd Edition: a Guide to Integrate and Transcend Your Shadows: The Essential Guidebook for Shadow Work,4.2
Bruno Cunha,"Harry Potter and the Prisoner of Azkaban (Harry Potter, Book 3) (MinaLima Edition)",1.1
Bruno Cunha,"Moo, Baa, La La La!",1.4
Bruno Cunha,The Coworker,2.3
Bruno Cunha,Rich Dad Poor Dad: What the Rich Teach Their Kids About Money That the Poor and Middle Class Do Not!,1.3
Bruno Cunha,Percy Jackson and the Olympians: The Chalice of the Gods (Percy Jackson & the Olympians),1.0
Bruno Cunha,First Little Readers Parent Pack: Guided Reading Level A: 25 Irresistible Books That Are Just the Right Level for Beginning R,2.5
Bruno Cunha,Hatchet,5.0
Bruno Cunha,"The Wager: A Tale of Shipwreck, Mutiny and Murder",3.2
Bruno Cunha,"I'm Dead, Now What?: Important Information About My Belongings, Business Affairs, and Wishes",1.7
Bruno Cunha,The Wonky Donkey,1.3
Luiza Castro,My Name Is Barbra,4.6
Luiza Castro,"Friends, Lovers, and the Big Terrible Thing: A Memoir",3.0
Luiza Castro,How to Catch a Turkey,3.4
Luiza Castro,"Fourth Wing (The Empyrean, 1)",1.6
Luiza Castro,No Brainer (Diary of a Wimpy Kid Book 18),1.0
Luiza Castro,Killers of the Flower Moon: The Osage Murders and the Birth of the FBI,1.9
Luiza Castro,All the Light We Cannot See: A Novel,2.7
Luiza Castro,The Ballad of Songbirds and Snakes (A Hunger Games Novel) (The Hunger Games),1.2
Luiza Castro,Stocking Stuffer Mad Libs: World's Greatest Word Game,2.9
Luiza Castro,The 48 Laws of Power,3.6
Luiza Castro,Lessons in Chemistry: A Novel,2.4
Luiza Castro,Taylor Swift: A Little Golden Book Biography,2.7
Luiza Castro,Turkey Trouble,4.9
Luiza Castro,"The Body Keeps the Score: Brain, Mind, and Body in the Healing of Trauma",2.1
Luiza Castro,A Little Life,5.0
Luiza Castro,"House of Flame and Shadow (Crescent City, 3)",2.2
Luiza Castro,"World of Eric Carle, Around the Farm 30-Button Animal Sound Book - Great for First Words - PI Kids",2.8
Luiza Castro,The Leaf Thief: (The Perfect Fall Book for Children and Toddlers),4.7
Luiza Castro,Murtagh: The World of Eragon (The Inheritance Cycle),3.6
Luiza Castro,The Housemaid,4.8
Luiza Castro,How to Know a Person: The Art of Seeing Others Deeply and Being Deeply Seen,2.6
Luiza Castro,The Very Hungry Caterpillar,3.8
Luiza Castro,How to Catch a Reindeer,2.4
Luiza Castro,Pookie's Thanksgiving (Little Pookie),4.0
Luiza Castro,The Seven Husbands of Evelyn Hugo: A Novel,4.9
Luiza Castro,I Love You to the Moon and Back,2.0
Luiza Castro,Hundred Years' War on Palestine,3.3
Luiza Castro,Little Blue Truck's Christmas: A Christmas Holiday Book for Kids,4.6
Luiza Castro,I Am Thankful: A Thanksgiving Book for Kids,3.6
Luiza Castro,A Court of Thorns and Roses Paperback Box Set (5 books),4.9
Luiza Castro,Where's Bluey?: A Search-and-Find Book,3.1
Luiza Castro,The Wonderful Things You Will Be,2.1
Luiza Castro,How to Catch a Dinosaur,1.4
Luiza Castro,Hidden Potential: The Science of Achieving Greater Things,4.3
Luiza Castro,Resurrection Walk (Lincoln Lawyer),2.3
Luiza Castro,The Christmas Fix,2.3
Luiza Castro,Flash Cards: Sight Words,2.7
Luiza Castro,I Love You Like No Otter: A Funny and Sweet Animal Board Book for Babies and Toddlers this Christmas (Punderland),4.0
Luiza Castro,"From Crook to Cook: Platinum Recipes from Tha Boss Dogg's Kitchen (Snoop Dogg Cookbook, Celebrity Cookbook with Soul Food Rec",1.2
Luiza Castro,The Shadow Work Journal: A Guide to Integrate and Transcend your Shadows,2.7
Luiza Castro,There Was an Old Lady Who Swallowed a Turkey!,1.4
Luiza Castro,Llama Llama Gives Thanks,4.3
Luiza Castro,Tom Lake: A Reese's Book Club Pick,3.9
Luiza Castro,The Covenant of Water (Oprah's Book Club),1.1
Luiza Castro,Dirty Thirty (30) (Stephanie Plum),1.4
Luiza Castro,"Hello, Baby Animals: A Durable High-Contrast Black-and-White Board Book for Newborns and Babies (High-Contrast Books)",3.0
Luiza Castro,Haunting Adeline (Cat and Mouse Duet),3.2
Luiza Castro,"A Court of Mist and Fury (A Court of Thorns and Roses, 2)",2.4
Luiza Castro,My First Library : Boxset of 10 Board Books for Kids (My First Book of),1.7
Luiza Castro,Demon Copperhead: A Pulitzer Prize Winner,3.6
Luiza Castro,Israel: A Simple Guide to the Most Misunderstood Country on Earth,3.0
Luiza Castro,Remarkably Bright Creatures: A Read with Jenna Pick,1.3
Luiza Castro,Harry Potter Paperback Box Set (Books 1-7),3.7
Luiza Castro,Just Because,1.5
Luiza Castro,If Animals Kissed Good Night,4.0
Luiza Castro,Things We Never Got Over (Knockemout),1.6
Luiza Castro,Paint by Sticker Kids: Christmas: Create 10 Pictures One Sticker at a Time! Includes Glitter Stickers,4.2
Luiza Castro,Love Comes First,3.8
Luiza Castro,The Ballad of Songbirds and Snakes (A Hunger Games Novel) (The Hunger Games),3.0
Luiza Castro,"A Court of Wings and Ruin (A Court of Thorns and Roses, 3)",2.8
Luiza Castro,The Shadow Work Journal 2nd Edition: a Guide to Integrate and Transcend Your Shadows: The Essential Guidebook for Shadow Work,3.3
Luiza Castro,"Harry Potter and the Prisoner of Azkaban (Harry Potter, Book 3) (MinaLima Edition)",4.9
Luiza Castro,"Moo, Baa, La La La!",3.3
Luiza Castro,Percy Jackson and the Olympians: The Chalice of the Gods (Percy Jackson & the Olympians),3.8
Luiza Castro,Paw Patrol Phonics: 12 Books in 1,2.8
Luiza Castro,First Little Readers Parent Pack: Guided Reading Level A: 25 Irresistible Books That Are Just the Right Level for Beginning R,1.5
Luiza Castro,Hatchet,1.2
